Предприятия;1 декада апреля;2 декада апреля;3 декада апреля;1 декада мая;2 декада мая;3 декада мая;1 декада июня;2 декада июня;3 декада июня;1 декада июля;2 декада июля;3 декада июля;1 декада августа;3 декада августа;1 декада сентября;2 декада сентября;3 декада сентября;1 декада октября;2 декада октября;3 декада октября;1 декада ноября;2 декада ноября;3 декада ноября;1 декада декабря;2 декада декабря;3 декада декабря;1 декада января
Завод № 174 им. Ворошилова;0;0;0;0;0,15;0,15;0,4;0,4;0,2;0,2;0,05;0;0;0;0;0;0;0;0;0;0;0;0;0;0,05;0;0
Завод им. Егорова;0,2;0,35;0,3;0,4;0,35;0,35;0,3;0,3;0,3;0,3;0,3;0,3;0,2;0,2;0,2;0,2;0,2;0,2;0,25;0,25;0,25;0,5;0,4;0,3;0;0,25;0,3
Карбюраторный завод;0,1;0,15;0,1;0,2;0,15;0,25;0,2;0,2;0,2;0,2;0,2;0,2;0,1;0,1;0,1;0,1;0,1;0,1;0,15;0,15;0,15;0,15;0,15;0,2;0;0,1;0,1
ЛЭТЗ;0;0;0,1;0,1;0,1;0,1;0,1;0,1;0,1;0,1;0,1;0;0;0;0;0;0;0;0;0;0;0;0;0;0;0;0
Завод «Автоген» № 1;0;0;1;0,5;0,4;0,3;0,3;0,3;0,2;0,2;0,2;0;0;0;0;0;0;0;0,2;0,2;0,25;0,2;0,15;0,15;0;0,1;0,1
Завод ПТО им. Кирова;0,3;0,25;0,2;0,3;0,25;0,25;0,3;0,3;0,3;0,3;0,2;0,2;0,2;0,1;0,1;0,7;0,3;0,3;0,1;0,1;0,7;0,7;0,7;0,5;0;0,5;0,4
Завод им. Ленина (Ленневмаш);0,4;0,2;0,3;0,4;0,35;0,4;0,4;0,4;0,5;0,5;0,5;0,5;0,4;0,35;0,35;0,5;0,35;0,35;0,45;0,45;0,5;0,5;0,5;0,6;0;0,4;0,4
Завод им. Котлякова;0;0;0;0,1;0,1;0,1;0,1;0;0,1;0,1;0,1;0,1;0,1;0,1;0,05;0,1;0,1;0,1;0,1;0,1;0,15;0,15;0,1;0,15;0;0,12;0,15
Завод «Красный Металлист»;0,1;0,15;0,2;0,3;0,25;0,25;0,2;0,2;0,2;0,2;0,25;0,25;0,1;0,05;0,05;0,05;0;0;0;0;0;0;0;0;0;0;0
Завод «Русский Дизель»;0,1;0,25;0,2;0,3;0,25;0,2;0,25;0,3;0,1;0,1;0;0;0;0,05;0,05;0,05;0,05;0,1;0,1;0,1;0,1;0,1;0,1;0,1;0;0,1;0,1
Завод «Экономайзер»;0,1;0,1;0,1;0,1;0,1;0,1;0,1;0,1;0,1;0,1;0,1;0,1;0,1;0,15;0,15;0,25;0,2;0,25;0,25;0,25;0,25;0,3;0,25;0,25;0;0,2;0,2
Дом техники;0;0;0;0,1;0,1;0,1;0,1;0,1;0,1;0,1;0,1;0;0;0;0,05;0,05;0,05;0,1;0,1;0,1;0,1;0,1;0,05;0,05;0;0,05;0,1
Завод «Вперед»;0,1;0,3;0,2;0,35;0,15;0,4;0,4;0,4;0,4;0,4;0,3;0,3;0,2;0,25;0,25;0,25;0,25;0,25;0,25;0,25;0,35;0,3;0,3;0,3;0;0,25;0,3
Завод «Вулкан»;0,1;0,275;0,2;0,35;0,4;0,35;0,4;0,4;0,35;0,35;0,35;0,35;0,25;0,3;0,3;0,25;0,3;0,3;0,35;0,3;0,4;0,4;0,35;0,35;0;0,25;0,3
Завод № 174;0;0,125;0,1;0;0;0;0;0;0;0;0;0;0;0;0;0;0;0;0;0;0;0;0;0;0;0;0
Завод «Лесмашпром»;0,2;0,2;0,2;0,5;0,45;0,2;0,5;0,5;0,2;0,2;0,2;0;0;0;0;0;0;0;0;0;0;0;0;0;0;0;0
Завод им. 2 й Пятилетки;0,1;0,075;0,1;0,1;0,1;0,1;0,2;0,2;0,15;0,15;0,35;0,35;0,2;0,2;0,2;0,25;0,2;0,2;0,25;0,25;0,35;0,3;0,2;0,2;0;0,15;0,2
Завод им. Макса Гельца;0,2;0,2;0,2;0,5;0,4;0,4;0,3;0,3;0,3;0,3;0,45;0,45;0,3;0,3;0,3;0,5;0,4;0,4;0,5;0,5;0,6;0,6;0,5;0,6;0;0,4;0,5
Завод им. Карла Маркса;0,2;0,4;0,4;0,7;0,6;0,5;0,4;0,4;0,4;0,4;0,4;0,5;0,4;0,4;0,4;0,35;0,3;0,3;0,9;0,9;1;1;0,8;1;0;0,5;2,6
Завод им. Лепсе;0,2;0,5;0,5;0,5;0,4;0,5;0,3;0,3;0,3;0,3;0,3;0,3;0,3;0,3;0,3;0,3;0,3;0,3;0,5;0,5;0,6;0,5;0,5;0,5;0;0,25;0,4
Завод им. Энгельса;0,1;0,1;0,1;0,3;0,25;0,25;0,3;0,3;0,15;0,15;0,1;0;0;0;0;0;0;0;0;0;0;0;0;0;0;0;0
Завод «Красная Вагранка»;0,2;0,2;0,2;0,2;0,25;0,25;0,25;0,3;0,25;0,25;0,2;0,2;0,15;0,15;0,15;0,15;0,15;0,15;0,3;0,3;0,4;0,3;0,3;0,3;0;0,2;0,3
Завод электро­газовых приборов;0;0;0;0;0;0,1;0,1;0,1;0,05;0,05;0,05;0,05;0;0;0;0;0;0;0,05;0,05;0,05;0,05;0,05;0,05;0;0,04;0,05
Завод «Лентрублит»;0;0;0;0;0;0;0,15;0,2;0,15;0,15;0,2;0;0;0,15;0,15;0,1;0,1;0,1;0,15;0,15;0,2;0,2;0,15;0,1;0;0,1;0,15
Леншвеймаш;0;0;0;0;0;0;0;0;0,1;0,1;0,1;0;0;0;0;0;0;0;0;0;0;0;0;0;0;0;0
ТТК 1;0,1;0,1;0,1;0,3;0,15;0,1;0,1;0,1;0,1;0,1;0,1;0;0;0;0;0;0;0;0;0;0;0;0;0;0;0;0
Главстанкоин­струмент;0;0;0;0;0;0;0;0;0;0;0;0;0;0;0;0;0;0;0;0;0,1;0,1;0,1;0,05;0;0,04;0,05
Завод «Центролит»;0,1;0,1;0,15;0,15;0,1;0,1;0,15;0,2;0,1;0,1;0,1;0;0;0;0;0;0;0;0;0;0;0;0;0;0;0;0
Завод «Ильич»;0;0;0;0,2;0;0;0;0;0,1;0,1;0,1;0,1;0,1;0,1;0,1;0,05;0,05;0,05;0,075;0,075;0,075;0,075;0,075;0,1;0;0,12;0,17
Завод им. Воскова;0,1;0,1;0,1;0,25;0,15;0,15;0,3;0,3;0,2;0,2;0,2;0,2;0,1;0,1;0,1;0,3;0,1;0,1;0,35;0,35;0,35;0,3;0,3;0,25;0;0,2;0,2
Завод им.Свердлова;0,2;0,15;0,15;0,15;0,15;0,15;0,15;0,2;0,2;0,2;0,2;0;0;0;0;0;0;0;0;0;0,1;0,1;0,1;0,1;0;0,07;0,1
Завод револьверных станков и автоматов;0,1;0,25;0,2;0,2;0,15;0,2;0,25;0,3;0,2;0,2;0,2;0,2;0,1;0,1;0,1;0,15;0,05;0,05;0,25;0,25;0,25;0,25;0,25;0,25;0;0,2;0,2
Завод режущих инструментов;0;0;0;0;0;0;0;0;0,1;0,1;0,1;0;0;0;0;0;0;0;0;0;0;0;0;0;0;0;0
Завод станкопри­надлежностей;0;0;0,2;0,2;0,1;0,15;0,2;0,2;0,1;0,1;0,1;0,1;0,1;0,1;0,1;0,05;0;0;0;0;0;0;0;0;0;0;0
В распоряжение УполномоченногоНКЭП 1;0;0;0;0;0;0;1,95;2;0;0;0;0;0;0;0;0;0;0;0;0;0;0;0;0;0;0;0
5 й монтажный трест;0;0;0;0;0;0;0;0;0;0;0;0;0;0;0;0;0;0;0;0;0;0;0;0,1;0;0;0
В распоряжение Уполномоченного НК Электропромышленности для предприятий;1;0,4;0,4;0,5;0;0;0;0;2;2;2;0;1;0,6;0,6;0,3;0,75;1;0,8;0,75;0,75;0,5;0,45;0,4;0;1;1,2
Завод № 10;0;0;0;0;0;0,1;0;0;0;0;0;0;0;0;0;0;0;0;0;0;0;0;0;0;0;0;0
Завод № 208;0;0;0;0;0;0;0;0;0;0;0,35;0,35;0;0;0;0,4;0,1;0,1;0,1;0,1;0,1;0,1;0,1;0,1;0;0;0
Завод № 210;0;0,2;0,2;0,2;0,15;0,15;0;0;0;0;0;0,2;0;0;0;0;0;0;0;0;0;0;0;0;0;0;0
Завод № 211;0;0;0;0;0,8;0,5;0;0;0;0;0;0,1;0;0,1;0,1;0,25;0,25;0,3;0,25;0,2;0,2;0,3;0,3;0,25;0;0;0
Завод № 327;0;0;0;0;0;0;0;0;0;0;0;0,1;0;0;0;0;0;0;0;0;0;0;0;0;0;0;0
Завод «Буревестник»;0;0;0;0;0;0;0;0;0;0;0;0,1;0;0;0;0;0;0;0;0;0;0;0;0;0;0;0
Завод «Ленинская искра»;0;0;0;0;0;0;0;0;0;0;0;0,05;0;0;0;0;0;0;0;0;0;0;0;0;0;0;0
Завод «Пролетарий»;0;0;0;0;0;0;0;0;0;0;0;0;0;0;0;0;0;0;0;0;0;0;0,05;0,05;0;0;0
Завод «Радист»;0;0;0;0;0,15;0,15;0;0;0;0;0;0,3;0;0;0;0;0;0;0;0;0;0;0;0;0;0;0
Завод «Севкабель»;0;0;0;0;0,15;0,15;0;0;0;0;0;0,35;0;0;0;0;0;0;0,1;0,1;0,1;0,25;0,25;0,25;0;0;0
Завод «Электрик»;0;0;0;0;0,1;0,1;0;0;0;0;0;0,15;0;0;0;0;0;0;0;0;0;0;0;0;0;0;0
Завод «Электро­аппарат»;0;0,1;0,8;0,5;0,3;0,3;0;0;0;0;0;0,15;0;0,1;0,1;0;0;0;0;0;0;0;0;0;0;0;0
Завод «Электросила»;0;0;0;0;0;0;0;0;0;0;0;0,4;0;0;0;0;0;0;0;0;0;0;0;0;0;0;0
ЦКТИ;0;0;0;0;0;0;0;0;0;0;0;0;0;0,05;0;0;0;0;0;0;0;0;0;0;0;0;0
ГЭС ЦКТИ;0;0;0;0;0;0,15;0,15;0,2;0,15;0,15;0,15;0,15;0,15;0,1;0,1;0,1;0,05;0,05;0,075;0,075;0,075;0,075;0,05;0,05;0,05;0,05;0,1
Кабельная сеть Ленэнерго;0;0;0;0;0;0;0;0;0;0;0;0;0;0;0;0;0,8;0;0;0,8;0,3;0,3;0;0;0,5;0;0,15
Ленгосторф;3;2,5;2,5;0;0;0;0;0;0;0;0;0;0;0;5;2;1,5;1,5;1,5;1,3;1,3;1,3;1,3;1,25;1,1;1;1,2
Ленэнерго;2;2;2;5;3;1,5;1,6;1,6;1,5;1,5;1,5;2;1,5;1;1;1;0,7;0,7;0,8;14;2;2;4,5;1,5;2,3;1;1,4
На ремонт эл.станции (Ленэнерго);0;0;0;0;0;0;0;0;0;0;0;0;0;0;0;0;0;0;1,2;0;0;0;0;0;0;0;0
Спецстройуправ­ление НКЭС;0,2;0,2;0,2;0,2;0,2;0,2;0,2;0,2;0,2;0,2;0,2;0;0;0;0;0;0;0;0;0;0;0;0;0;0;0;0
Торфорабснаб;0;0,5;0,5;0,5;1;1;1;1;1;1;1;1;0;0;0,3;0,3;0,3;0,3;0,3;0,25;0,3;0,3;0,3;0,3;0,2;0,2;0,25
Трест «Свирьстрой»;0;0;0;0;0;0;0,15;0,2;0,15;0,1;0,12;0;0;0,1;0,1;0,1;0,1;0;0,15;0,15;0,15;0,15;0,15;0,15;0,15;0,1;0,15
ЦКТИ;0,2;0;0;0;0;0;0;0;0;0;0;0;0;0;0;0;0;0;0;0;0;0;0;0;0;0;0
Главснаб НК Связи;0;0;0;0;0;0;0,1;0,1;0,1;0,1;0,1;0,1;0;0;0;0;0;0;0;0;0;0;0;0;0;0;0
Дирекция радиотрансляционной сети;0,2;0,2;0,3;0,4;0,4;0,4;0,4;0,4;0,4;0,4;0,4;0,4;0,4;0,4;0,4;0,4;0,35;0,35;0,3;0,4;0,4;0,4;0,65;0,65;0,5;0,5;0,6
Дирекция радио связи;0,15;0,1;0,8;0,9;0,7;0,7;0,7;0,7;0,7;0,7;0,7;0,7;0,5;0,5;0,5;0,5;0,45;0,45;0,4;0,45;0,45;0,45;0,45;0,5;0,5;0,4;0,5
Комитет радиовещания;0,2;0,1;0,1;0,2;0,2;0,2;0,2;0,2;0,2;0,2;0,2;0,2;0,25;0,25;0,25;0,25;0,25;0,25;0,3;0,25;0,25;0,25;0,25;0,2;0,2;0,15;0,2
Лен институт инженерной связи;0;0;0;0;0;0;0;0;0;0;0;0;0;0;0;0;0;0;0;0;0;0;0;0;0,05;0,04;0,05
Ленпочтамт;2;1,5;2;2;2,2;2,1;2,2;2,2;2,2;2,5;2,5;2,5;2;2;2;2;1,7;2,5;3;3;3;3;3;3;2,5;2;2,2
ЛОУ Связи;0,3;0,3;0,4;0,4;0,5;0,8;0,8;0,8;0,8;0,8;0,8;0,8;0,6;0,6;0,6;0,6;0,6;0,6;0,72;0,7;0,7;0,7;0,7;0,65;0,6;0,5;1
Отдельный батальон связи;0;0;0;0;0;0;0;0;0;0,7;0,7;0,7;0;0,3;0,3;0,3;0,3;0,3;0,23;0,25;0,25;0,25;0,25;0,25;0,25;0,2;0,25
Отдел спецсвязи;0,15;0,15;0,2;0,2;0,2;0,2;0,2;0,2;0,2;0,2;0,2;0,2;0,2;0,2;0,2;0,2;0,2;0,2;0,22;0,25;0,25;0,25;0,25;0,2;0,2;0,15;0,2
Телефоннаядирекция;0,3;0,3;0,4;0,45;0,6;0,6;0,6;0,6;0,6;0,6;0,6;0,6;0,4;0,4;0,4;0,4;0,4;0,4;0,4;0,45;0,45;0,45;0,45;0,45;0;0;0
"УправлениеЛенинградской 
телефонной сети";0;0;0;0;0;0;0;0;0;0;0;0;0;0;0;0;0;0;0;0;0;0;0;0;0;0,5;0,5
Центральный телеграф;0,3;0,3;0,4;0,45;0,4;0,4;0,4;0,4;0,4;0,4;0,4;0,4;0,3;0,3;0,3;0,3;0,3;0,3;0,3;0,3;0,3;0,3;0,25;0,25;0,2;0,12;0,2
Завод № 05;0;0;0;0;0;0;0;0;0,1;0,1;0,1;0;0;0;0;0;0;0;0;0;0;0;0;0;0;0;0
Завод № 1;0;0;0;0,1;0,1;0,1;0,1;0,1;0,1;0,1;0,1;0,1;0;0,1;0,1;0,2;0,1;0,1;0,25;0,25;0,25;0,2;0,1;0,15;0;0,1;0,1
Завод № 4;0,1;0,1;0,1;0,1;0,1;0,5;0,5;0,5;0,5;0,5;1;1;0,5;0,7;0,7;1;0,7;0,7;1;1;1,1;1;0,9;0,8;0;0,5;0,7
Завод № 5;0,2;0,3;0,2;0,3;0,2;0,4;0,5;0,5;0,5;0,5;0,75;0,75;0,5;0,5;0,5;0,75;0,5;0,6;1;1;1,2;1,2;1,1;1;0;0,7;0,8
Завод № 6;0,5;0,2;0,3;0,4;0,5;0,5;0,5;0,5;0,5;0,5;0,5;0,5;0,5;0,2;0,2;2;2;0;2,4;1,4;1,5;1,5;1,2;1,1;0;0,7;0,7
Завод № 77;0,2;0,4;0,5;0,7;0,5;0,5;0,5;0,5;0,5;0,5;0,75;0,8;0,5;0,4;0,45;0,8;0,6;0,8;1;1;1,2;1,1;1;1;0;0,7;0,8
Завод № 552;0,3;0,55;0,5;0,7;0,5;0,8;1;1;1;1;1;1;0,5;0,5;0,5;0,8;0,6;0,7;1,6;1,6;1,8;1,6;1,5;1,4;0;1;1
Химико­технический институт, мастерские;0;0;0;0;0;0;0;0;0;0,1;0,1;0,1;0;0,1;0,1;0,07;0;0;0;0;0;0;0;0;0;0;0
ЦКБ 22;0;0;0;0;0;0;0;0;0;0;0;0;0;0;0;0;0;0;0;0,1;0,1;0,1;0,1;0,1;0;0,07;0,1
Военно­ механический институт;0;0;0;0;0;0;0;0;0;0;0,1;0;0;0,1;0,1;0,1;0,05;0,05;0,2;0,2;0,2;0,15;0,15;0,1;0;0;0,05
Главснабсбыт;0;0;0;0;0,1;0,1;0,1;0,1;0,1;0,1;0,1;0;0;0;0;0;0;0;0;0;0;0;0;0;0;0;0
Завод № 7;0,1;0,2;0,4;0,5;0,4;0,4;1;1;0,75;0,75;0,7;0,7;0,5;0,5;0,5;1;0,6;0,6;1,2;1,2;1,3;1,2;1,2;1;0;0,7;0,9
Завод № 232 («Большевик»);0,3;0,25;0,5;0,8;0,7;0,7;0,75;0,8;1;1;2;2;1,2;1;1;1,5;1;1;3;3;3;2,75;2,75;2,7;0;2;2
Завод № 349 им. ОГПУ;0;0;0;0;0;0,2;0,2;0,2;0,15;0,15;0,4;0,4;0,2;0,15;0,15;0,4;0,2;0,2;0,7;0,7;0,7;0,6;0,6;0,5;0;0,3;0,3
Завод № 371;0,1;1,5;1,2;0,8;0,6;0,6;0,65;0,7;0,75;0,75;1,5;1,5;1;1;1;2;2,2;1,2;1,4;1,3;2;2;2,5;2,2;0;1,4;1,75
Мастерские техникума точной механики;0;0;0;0;0;0;0;0;0;0;0;0,1;0,1;0;0;0;0,05;0,05;0,05;0,05;0;0;0;0;0;0;0
НИИ 13;0;0;0;0;0;0;0,1;0,1;0,1;0,1;0,1;0;0;0;0;0;0;0;0;0;0;0;0;0;0;0,04;0,05
1 я стац. Авиамастерская;0;0;0;0;0;0;0;0;0;0;0;0;0;0;0;0,2;0;0;0;0;0;0;0;0;0;0;0
Авиарембаза № 1;0;0;0;0;0;0;0;0;0;0;0;0;0;0;0;0,05;0;0;0,05;0,05;0,05;0,05;0,05;0,05;0,05;0,05;0,05
Авиарембаза № 2;0;0;0;0;0;0;0;0;0;0;0;0;0;0;0;0,05;0;0;0,05;0,05;0,05;0,05;0,05;0,05;0,05;0,05;0,05
Завод № 23;0;0;0;0;0;0;0,1;0,1;0,1;0,1;0,1;0;0;0;0;0;0;0;0;0;0;0;0;0;0;0;0
Завод № 162;0;0;0,05;0,1;0,1;0,1;0,1;0,1;0,1;0,1;0,1;0,15;0,1;0,1;0,1;0,1;0,07;0,07;0,075;0,075;0;0;0,05;0,05;0;0,05;0,05
Завод № 218;0,1;0,2;0,2;0,2;0,15;0,15;0,15;0,2;0,1;0,2;0,2;0;0;0;0;0;0;0;0;0;0;0;0;0;0;0;0
Завод № 224;0,1;0,2;0,2;0,25;0,2;0,2;0,1;0,1;0,1;0,1;0,05;0,15;0,1;0,05;0,05;0,05;0,05;0,05;0,05;0,05;0,05;0,075;0,075;0,07;0;0,05;0,07
Завод № 278;0,1;0,1;0,2;0,2;0,15;0,15;0,1;0,1;0,1;0,1;0,1;0,15;0,1;0,1;0,1;0,1;0,08;0,08;0,075;0,075;0;0;0;0;0;0;0
Завод № 327;0;0;0;0;0;0;0;0;0,1;0,1;0,1;0;0;0;0;0;0;0;0;0;0;0;0;0;0;0;0
Завод № 379;0,1;0,2;0,3;0,25;0,2;0,2;0,2;0,2;0,25;0,25;0,25;0;0;0;0;0;0;0;0;0;0;0;0;0;0;0;0
Завод № 380;0;0;0;0;0;0;0;0;0;0;0,05;0;0;0;0;0;0;0;0;0;0;0;0;0;0;0;0
Завод № 496;0,2;0,3;0,3;0,3;0,3;0,3;0,3;0,3;0,3;0,3;0,3;0,3;0,2;0,2;0,2;0,25;0,2;0,2;0,35;0,35;0,35;0,25;0,25;0,25;0;0,2;0,2
Завод «Гидропривод» (№ 252);0;0,15;0,1;0,1;0,1;0,1;0,1;0,1;0,1;0,1;0,1;0;0;0;0;0;0;0;0;0;0;0;0;0;0;0;0
Завод им. Ильича;0;0;0;0,1;0,1;0,1;0,1;0,1;0,1;0,1;0,1;0;0;0;0;0;0;0;0;0;0;0;0;0;0;0;0
Ижорский завод;0,25;0,2;0,3;0,5;0,5;0,5;0,5;0,5;0,4;0,4;0,4;0,4;0,4;0,4;0,4;0,4;0,4;0,4;0,6;1;1;0,7;0,5;0,6;0;0,45;1,2
Кировский завод;0,75;0,6;0,6;1;1;0,9;1;1;1;1;1;1;0,6;0,6;0,6;1;1,8;1;1;1;1,5;1,4;2;1,7;0;1,3;1,5
База спецформи­рований;0;0;0;0;0;0;0;0;1;0,6;0,6;0,5;0,3;0,3;0,3;0,3;0,2;0,2;0,2;0,2;0,2;0,2;0;0,35;0,35;0,25;0,2
"В распоряжение зам. 
наркома Су­достроительной промышленности для предприятий";0,5;0,5;0,5;1;0;0;0;0;0;0;0;0;1,5;0,8;1;0,4;0,5;0,6;0,25;0;0,5;0;0,4;0,3;0;0,15;0
Главснаб НКСП (для пр. предприятий);0;0;0;0;0,1;0,2;0,25;0,3;0,25;0,25;0,15;0,1;0;0;0;0;0;0;0;0,25;0;0,4;0;0;0;0;0,1
Завод № 5;0;0;0;0;0;0;0;0;0;0;0,1;0;0;0;0;0;0;0,3;0,6;0;0,6;0;0,3;0,5;0;0,35;0,3
Завод № 103;0;0;0;0;0,05;0,05;0,05;0,1;0,05;0,1;0,1;0;0;0;0;0;0;0;0,2;0,15;0,15;0,15;0,15;0,1;0;0,07;0,1
Завод № 154;0;0;0;0;0;0;0;0;0;0;0;0,1;0;0;0;0;0;0;0;0;0;0;0;0;0;0;0
Завод № 181;0;0;0;0;0,05;0,05;0,2;0,2;0,2;0,2;0,05;0,1;0;0;0;0;0,2;0,3;0,4;0,4;0,4;0,35;0,3;0,2;0;0,1;0,15
Завод № 189;0;0;0;0;0,6;0,6;0,6;0,6;0,6;0,6;0,6;0,8;0;0,25;4;3;2,5;2,7;3,5;3,5;3,5;2,4;2;2;0;1,8;2
Завод № 190;0;0;0;0;0,2;0,2;0,2;0,2;0,1;0,1;0,1;0,15;0;0;1;0,5;1,9;0,5;0,6;0,6;0,6;0,5;0,5;0,65;0;0,4;0,6
Завод № 194;0;0;0;0;0,35;0,35;0,2;0,2;0,1;0,1;0,1;0,15;0;0;1;0,5;4,4;1,5;1,8;1,8;1,8;1,7;1,7;1,7;0;0,8;1
Завод № 196;0;0;0;0;0,15;0,15;0,15;0,2;0,1;0,1;0,1;0,2;0;0,1;0;0,15;3;1;1,4;1,4;1,4;1,3;0,8;1,15;0;0,6;1
Завод № 206;0;0;0;0;0;0;0;0;0;0;0;0;0;0;0;0;0;0;0;0;0;0;0;0;0;0,05;0,1
Завод № 209;0;0;0;0;0,05;0,05;0,15;0,2;0,15;0,15;0,35;0,35;0;0,25;0;0,25;2,1;0,1;1;0,35;1;0,9;0,8;0,6;0;0,45;0,6
Завод № 212;0;0;0;0;0,1;0,1;0,1;0,1;0,1;0,1;0,05;0;0;0,1;0;0,05;0;0;0,1;1;0,1;0,1;0,1;0,1;0;0,2;0,25
Завод № 363;0;0;0;0;0,05;0,05;0,05;0,1;0,05;0,05;0,05;0;0;0;0;0;0;0;0;0;0;0;0;0;0;0;0
Завод № 370;0;0;0;0;0,1;0,1;0,1;0,1;0,1;0,1;0,1;0,15;0;0;0;0;1,5;0,3;0,35;0,35;0,35;0,3;0,3;0,4;0;0,25;0,3
НИИ 49;0;0;0;0;0;0;0;0;0,05;0,05;0,05;0;0;0;0;0;0;0;0;0;0,1;0,1;0,1;0,1;0;0,05;0
СЗП Электромор­треста;0;0;0;0;0;0;0;0;0;0;0,2;0;0;0;0;0;0;0;0;0;0;0;0;0;0;0;0
СМТ;0;0;0;0;0;0;0;0;0;0;0;0;0;0;0;0;0;0;0;0;0;0;0;0,1;0;0,07;0,15
Трест № 16;0;0;0;0;0;0;0;0;0;0;0;0;0;0;0;0;0;0;0;0;0,4;0,4;0,3;0,1;0;0,04;0,12
ЭМТ;0;0;0;0;0;0;0;0;0;0;0;0;0;0;0;0;0;0;0,35;0,35;0,35;0,3;0,15;0,2;0;0;0,05
ЛОВСУ;0,2;0,15;0,2;0,2;0,2;0,2;0,2;0,2;0,2;0,2;0,2;0;0;0;0;0;0;0;0;0;0;0;0;0;0;0;0
2 й стройтрест;0;0;0;0;0;0;0;0;0;0;0;0;0;0;0;0;0;0;0;0;0;0,15;0;0,1;0,1;0,07;0,1
ГАИ;0;0;0;0;0;0;0;0;0;0;0;0;0;0;0;0;0;0;0;0,5;0,5;0,5;0,5;0,5;0,1;0,4;0,5
ГУПО НКВД;15;15;15;15;15;15;15;15;15;15;15;15;10;10;8;7;7;7;8,4;8,4;8,4;11;10;9;8,5;6;7
ДорНИИ;0;0;0;0;0;0;0;0;0;0;0;0,05;0;0;0;0;0;0;0;0;0;0;0;0;0;0;0
ИТК№ 1 НКВД;0;0,25;0,25;0,2;0;0;0;0;0;0;0,15;0,15;0;0;0;0;0;0;1,2;0;0,4;0,45;0,4;0,5;0,4;0,4;0,5
НКВД ЛОВСО;0,3;0,2;0,2;0,2;0,2;0,2;0,2;0;0,2;0,2;0,2;0;0;0,1;0,1;0,1;0,1;0,1;0,1;0,1;0,15;0,15;0,15;0,15;0,15;0,1;0,15
Обл. управ. РК милиции;0;0;0,3;0,3;0,3;0,3;0,3;0,3;0,3;0,3;0,3;0,3;0,3;0;0;0;0;0;0;0;0,2;0,2;0,2;0,15;0,1;0,1;0,1
Спецторг;0;0;0;0;0;0;0;0;0;0;0,5;0;0;0,3;0,3;0,3;0,3;0,3;0,35;0,35;0,35;0,35;0,2;0,35;0,3;0,25;0,3
УИТЛК;0,7;0,8;1;1,5;0;0;0;0;0;0;0;0;0;0;1;1;1;1;1;1;1;1;1;1;1;0,7;0,9
УНКВД;3;4;4,5;3;9;9;9;9;8,5;8,5;8,5;8,5;5;5;4;4;4;4;4,8;4,8;4,8;4,75;4,75;4,5;4,3;3;4
УОПО НКВД;0,5;0,5;0,5;0,5;0,5;0,5;0,5;0,5;0,7;1;1;1;0,5;1;1;1;0;1;1,2;1,2;1,2;1,2;1,2;1;1;0,7;0,8
"Управление технического 
снабжения НКВД";0;0;0;0;0;0;0;0;0;0;0;0;0;0;0;0;0;0;0;0;0;0;0;0;0;0,1;0,15
УРК Милиции;3;3;3;3;4;4;4;4;4;5;5;5;3;3,3;3;3;3,2;3,2;3,8;3,8;3,6;3,6;3,6;3,5;3,5;3;3,5
ХОЗО НКВД;0;0;0;1;0;0;0;0;0;0;0;0;0;0;0;0;0;0;0;0;0;0;0;0;0;0;0
Канонерский завод;0;0;0;0,05;0,05;0,05;0,05;0,1;0,05;0,05;0,05;0,05;0;0;0;0;0;0;0;0;0;0;0;0;0;0;0,1
Ленинградский торговый порт;0,1;0,1;0,1;0,1;0,1;0,15;0,2;0,2;0,2;0,2;0,2;0,2;0;0;0;0;0;0;0,05;0,05;0,05;0,05;0,05;0,05;0,05;0,05;0,05
"Завод навигационных приборов / Мастерская навигационных 
приборов и электроаппаратов";0;0,075;0,1;0,01;0,05;1;1;1;0,15;0,15;0,05;0,05;0;0,05;0,05;0,05;0;0;0,08;0;0,075;0,05;0,05;0;0;0;0,1
Мастерским БГМП;0;0;0;0;0;0;0;0;0,1;0,1;0,1;0;0;0,05;0,05;0,05;0;0;0;0;0;0;0;0;0;0;0
АНИОП;0;0;0;0;0;0;0;0;0;0;0;0,25;0,2;0,15;0,15;0,15;0,15;0,15;0,25;0,25;0,25;0,25;0,25;0,25;0,25;0,2;0,25
Завод «Юный водник»;0;0;0;0;0;0;0;0;0;0;0;0,05;0;0;0;0;0;0;0;0;0;0;0;0;0;0;0
НИМАП;0;0;0;0;0;0;0;0;0;0;0;0,15;0,15;0,15;0,15;0,15;0,1;0,1;0,2;0,2;0,2;0,2;0,2;0,2;0,2;0,15;0,2
СЗУРП;0;0;0;0;0;0;0;0;0,7;0,7;0,7;0,7;0,4;0,3;0,3;0,25;0,25;0,25;0,3;0,3;0,3;0,3;0,3;0,2;0,2;0,15;1
Судобетонверфи;0;0;0;0;0;0;0;0;0,1;0,1;0,05;0;0;0;0;0;0;0;0;0;0;0;0;0;0;0;0
Управление речных путей С.З. бассейна;0;0;0;0;0;0;0;0;0,3;0,3;0,3;0,3;0;0;0;0;0;0;0;0;0,05;0,05;0,05;0,05;0,05;0,05;0,07
В распоряжение уполномоченного НКПС;0;0;0;0;0;0;0;0;0;0;0;0;0;0;0;0;0;0;0;0;0;0;0;0;0;0;0
Военный Трибунал Октябрьской ж. д.;0;0;0;0;0;0;0;0;0,05;0,05;0,05;0,05;0;0;0;0;0;0;0;0;0;0;0;0;0;0;0,05
Ленинградская ж. д.;0,1;0,1;0,2;0,3;0,3;0,2;0,3;0,3;0,3;0,3;0,3;0;0;0;0;0;0;0;0;0;0;0;0;0;0;0;0
Октябрьская ж. д;2;2;2;3;2,5;2,5;2,5;2,5;2,5;2,5;2,5;2,5;2,15;2,1;2,1;2,05;2,05;2,05;2,4;2,4;2,4;5;3,5;2,7;0;1,4;1,8
Октябрьский вагонно­ремонтный завод;0;0,075;0,2;0,2;0,2;0,3;0,2;0,2;0,15;0,15;0,15;0,15;0;0;0;0;0;0;0,075;0,5;0,5;0,45;0,15;0,15;0;0,15;0,15
Пролетарский паровозный ремонтный завод;0;0,2;0,3;0,25;0,2;0,2;0,2;0,2;0,2;0,2;0,2;0,2;0,2;0,15;0,15;0,15;0,15;0,15;0,2;0,2;0,2;0,15;0,15;0,15;0;0,1;0,1
Строительство № 5;0,3;0,2;0;0;0;0;0;0;0;0;0;0;0;0;0;0;0;0;0;0;0;0;0;0;0;0,1;0,25
ЦОЗ;0;0;0;0;0;0;0;0;0,15;0,15;0,15;0,15;0;0;0;0;0;0;0;0;0;0;0;0;0;0;0
Завод АГЭ;0,1;0,1;0,1;0,15;0,15;0,15;0,1;0,1;0,1;0,1;0,1;0,15;0,15;0,1;0,1;0,1;0,1;0,1;0,15;0,15;0,15;0,15;0,15;0,1;0;0,1;0,1
ЛАРЗ № 1;0;0;0;0;0;0;0;0;0,05;0,05;0,05;0,1;0,1;0,1;0,1;1;1;1;1,2;1,2;1,2;1;0,5;0,5;0;0,7;0,9
ЛАРЗ № 2;0;0;0;0;0;0;0;0;0,05;0,05;0,05;0,1;0,1;0,1;0,1;0,4;0,4;0,4;0,5;0,5;0,5;0,2;0,2;0,2;0;0,35;0,4
Ленстанция обслуживания;0;0;0;0;0;0;0;0;0;0;0;0;0;0;0;0;0;0;0;0;0;0,1;0,05;0,05;0;0,04;0,05
Рембаза № 26;0;0;0;0;0;0;0;0;0;0;0;0;0;0;0;0,3;0,15;0,1;0,75;0,7;0;0;0;0;0;0;0
Станция обслуживания автомашин;0;0;0;0;0;0;0;0;0;0;0;0;0;0;0;0,07;0,05;0,05;0,1;0,1;0,1;0;0;0;0;0;0
Шиноремонтный завод;0;0;0;0;0;0;0;0;0,15;0,15;0,15;0,2;0,1;0,1;0,1;0,2;0,2;0,25;0,35;0,35;0,45;0,4;0,3;0,35;0;0,25;0,3
Асбестовый завод;0;0;0;0;0;0;0;0;0;0;0;0,05;0;0;0;0;0;0;0;0,05;0,05;0,05;0,05;0,05;0;0,04;0,05
Завод «Металлист»;0;0;0;0;0;0;0;0;0;0;0;0,1;0,1;0,08;0,05;0,05;0,05;0,05;0,05;0,05;0,05;0,05;0,05;0,05;0;0,04;0,05
"Завод резиновой обуви и галош 
(с 60 пр. «Красный Треугольник»)";0;0;0;0;0;0;0;0;0,1;0,1;0,1;0,2;0,2;0,2;0,2;0,15;0,15;0,2;0,25;0,25;0,25;0,25;0,25;0,25;0;0,2;0,25
"Завод резиновых 
технических изделий (РТИ)";0;0;0;0,2;0,1;0,1;0,1;0,1;0,2;0,2;0,3;0,3;0,2;0,2;0,2;0,15;0,15;0,25;0,3;0,25;0,25;0,25;0,25;0,25;0;0,2;0,25
Металлический завод № 523;0,5;0;0;0;0,1;0,1;0,1;0,1;0,1;0,1;0,1;0,1;0,1;0,07;0,05;0,05;0,05;0,1;0,1;0,1;0,1;0,1;0,1;0,1;0;0,05;0,1
Мехзавод;0;0;0;0;0;0;0;0;0;0;0;0;0;0;0;0;0;0;0;0;0;0;0;0;0;0;0
«Главрезина»;0;0;0;0;0;0;0;0;0;0;0;0;0;0;0;0;0;0;0;0;0;0;0;0;0;0;0
Шинный завод / Шинно­ремонтный завод;0;0;0;0;0;0,1;0,1;0,1;0;0;0;0,1;0;0;0;0;0;0;0;0,7;0,7;0,6;0,4;0,35;0;0,25;0,3
Завод ГИПХ;0;0;0;0;0;0;0;0;0;0;0;0,1;0;0;0;0;0;0;0;0,05;0,1;0,1;0,1;0,05;0,05;0,04;0,05
Завод «Комсомольская правда»;0;0;0;0;0;0;0;0;0;0;0;0,05;0;0;0;0;0;0;0;0;0;0;0,05;0,05;0,05;0,04;0,05
Завод «Красный химик»;0;0;0;0;0;0;0;0;0;0;0;0,05;0;0;0;0;0;0;0;0;0;0,1;0,1;0,1;0,07;0,05;0,07
Завод лаков и красок;0;0;0;0;0;0;0;0;0;0;0;0;0;0;0;0;0;0,05;0,075;0,075;0,075;0,1;0,1;0,1;0,07;0,07;0,1
Завод «Республика»;0;0;0;0;0;0;0;0;0;0;0;0;0;0;0,05;0,1;0,1;0,1;0,1;0,075;0,075;0,1;0,15;0,12;0,1;0,1;0,1
Завод художественных красок;0;0;0;0;0;0;0;0;0;0;0;0,1;0,1;0;0,05;0,05;0;0;0;0,075;0,075;0,075;0,075;0,07;0,05;0,04;0,07
Литопонный завод им. Воровского;0;0;0;0;0;0;0;0;0;0;0;0;0;0;0;0;0;0;0;0;0;0;0;0;0;0;0
Механический з д «Металлист»;0;0;0;0,05;0,05;0,05;0,05;0,1;0,05;0,05;0,05;0;0;0;0;0;0;0;0;0;0;0;0;0;0;0;0
Невский химический завод;0;0;0;0;0;0;0;0;0;0,1;0,1;0,15;0,15;0;0,15;0,15;0,15;0,15;0,2;0,2;0,2;0,2;0,2;0,2;0,15;0,15;0,1
"Охтинский химический комбинат 
(Комбинат № 757)";1;0,5;0,5;0,7;0,5;0,5;0,5;0,5;1,5;1,4;1,5;1,5;1;0;1;1,5;1;1;1,4;1,3;1,3;1,3;1,3;1,25;1,2;1;1
Фабрика № 29;0;0;0;0;0;0,3;0,25;0,3;0,2;0,2;0,2;0,15;0,1;0;0,05;0,05;0;0;0;0;0;0;0;0;0,05;0,04;0,05
Главвторцветмет;0;0;0;0;0;0;0;0;0,2;0,2;0,2;0,3;0,2;0,15;0,15;0;0,1;0;0,1;0,05;0,05;0,05;0,05;0,05;0;0,04;0,05
Главцвет­метсбытсбыт;0;0;0;0;0;0;0;0;0;0;0;0;0;0;0;0;0;0;0;0;0;0;0;0;0;0,05;0,05
Завод «Красный Выборжец»;0,1;0,1;0,2;0;0,1;0,1;0,1;0,1;0,1;0,1;0,1;0;0;0;0;0;0;0;0,1;0,1;0,1;0,1;0,1;0,1;0;0,04;0,05
Завод № 5 ВАМИ;0,1;0,075;0,1;0;0;0;0;0;0;0;0;0;0;0,05;0,05;0,1;0;0;0,25;0,2;0,2;0,15;0,15;0,15;0;0,1;0,2
Завод им. Ворошилова;0;0,2;0,2;0;0,25;0,25;0,35;0,4;0,3;0,3;0,2;0;0;0;0;0;0;0;0,25;0,05;0,05;0,1;0,1;0,1;0;0,05;0,07
Завод им. Котлякова;0;0;0;0;0;0;0;0;0;0;0;0;0;0;0;0;0;0;0;0;0;0;0;0;0;0;0
Завод «Пневматика»;0;0;0,05;0,1;0,1;0,1;0,1;0,1;0,1;0,1;0,1;0;0;0;0;0;0;0;0;0;0;0;0;0;0;0;0
ЛОК Главуглесбыт;0;0;0,05;0,1;0,1;0,1;0,1;0,1;0,1;0,1;0,1;0,1;0,1;0,1;0,1;0,1;0,1;0,1;0,1;0,1;0,15;0,5;0,5;0,45;0,3;0,2;0,2
Главметаллосбыт;0;0;0;0;0;0;0;0;0;0;0;0;0;0;0;0;0;0;0;0;0;0;0;0;0;0,07;0,1
Главторчермет;0,3;0,2;0,3;0,5;0,45;0,2;0,3;0,3;0,3;0,3;0,3;0,3;0;0;0;0;0;0;0;0;0;0;0;0;0;0;0
Завод «Вторчермет»;0;0;0;0;0;0,15;0,2;0,2;0,2;0,2;0,2;0;0;0;0;0;0;0;0;0;0;0;0;0;0;0;0
Завод им. Молотова;0,2;0,2;0,2;0,2;0,15;0,25;0,5;0,5;0,3;0,3;0,3;0,3;0,2;0,2;0,2;0,15;0,15;0,15;0,35;0,35;0,4;0,4;0,4;0,5;0;0,35;0,4
Завод «Трубосталь»;0;0;0;0;0;0;0;0;0;0;0,1;0;0;0;0;0;0;0;0;0;0;0;0;0;0;0;0
Автономная фабрика «Работница»;0;0;0;0;0;0;0;0;0,1;0,1;0,1;0,1;0,1;0,05;0,05;0,05;0,05;0,05;0,075;0,075;0,075;0,075;0;0;0;0;0
"В распоряжение начальника 
Глав  ленхлоппрома";0;0;0,4;0;0;0;0;0;0,4;0,35;0,35;0;0;0;0;0;0;0;0;0;0,15;0,1;0,1;0;0,1;0,07;0,1
Главтек  стильсбыт — торговая база;0;0;0;0;0;0;0;0;0;0;0;0;0;0;0;0;0;0;0;0;0;0;0;0,05;0,05;0,05;0,1
Комбинат им. Кирова;0;0;0;0;0;0;0;0;0;0;0;0,1;0;0;0;0;0;0;0;0;0;0;0;0;0;0;0
Комбинат им. Тельмана;0;0;0;0;0;0;0;0;0;0;0;0,1;0;0;0;0;0;0;0;0;0;0;0;0;0;0;0
Литейно­механический завод № 2;0;0;0;0;0;0;0;0;0;0;0;0,1;0,1;0,1;0,1;0,1;0,07;0,07;0,075;0,075;0,075;0,075;0,075;0,07;0,07;0,05;0,05
Суконная фабрика;0;0;0;0;0;0;0;0;0,05;0,05;0,05;0;0;0;0;0;0;0;0;0,05;0,1;0,1;0,1;0,1;0,07;0,05;0,05
Фабрика «Ленсукно»;0;0;0;0;0;0;0;0;0;0;0;0;0;0;0;0;0;0;0;0;0;0;0;0;0;0;0
Фабрика «Пролетарский труд»;0;0;0;0;0;0;0;0;0;0;0;0;0;0;0;0;0;0;0;0;0;0;0;0,05;0,05;0,05;0,05
Фабрика «Пятилетка»;0,1;0,2;0,2;0,2;0,2;0,2;0,25;0,1;0,25;0,25;0,2;0,2;0,2;0,15;0,15;0,35;0,15;0,15;0,15;0,15;0,15;0,35;0,35;0,35;0,25;0,25;0,1
Фабрика им. Слуцкой;0;0;0;0;0;0;0;0;0;0;0;0,1;0,1;0,1;0,1;0,1;0,08;0,08;0,075;0,075;0,075;0,075;0,075;0,07;0,07;0,05;0,1
Фабрика «Красное Знамя»;0;0;0;0;0;0;0,1;0,1;0,1;0,1;0,1;0,1;0,1;0,1;0,1;0,1;0,1;0,1;0,15;0,15;0,15;0,15;0,15;0,15;0,15;0,1;0
Фабрика «Гигровата»;0;0;0;0;0;0;0;0;0;0,05;0,05;0;0;0,05;0,05;0,05;0;0,1;0,075;0,075;0,075;0,075;0,075;0,07;0,05;0,04;0,05
Фабрика «Рабочий»;0;0;0;0;0;0;0;0;0,1;0,1;0,1;0,1;0,1;0,1;0,1;0,1;0,1;0,1;0,1;0,1;0,1;0,1;0,1;0,1;0,07;0,05;0,1
1 я меховая фабрика;0;0;0;0;0;0;0;0;0;0;0;0;0;0;0;0;0;0;0;0;0;0,05;0,05;0,05;0,07;0,05;0,05
Автономной фабрике им. Самойловой;0;0;0;0;0;0;0;0;0,05;0,05;0,05;0;0;0;0;0;0;0;0;0;0;0;0;0;0;0;0
ГШФИЗ;0;0;0;0;0;0;0;0;0;0;0;0;0;0;0;0;0;0;0;0;0,05;0,05;0;0,05;0,05;0,05;0,05
Завод «Коминтерн»;0;0;0;0;0;0;0;0;0;0;0;0,1;0,1;0,1;0,1;0,05;0,1;0,1;0,1;0,1;0,1;0,1;0,1;0,1;0,07;0,05;0,05
Завод «Пролетарская победа» № 1;0;0;0;0;0;0;0;0;0;0;0;0;0;0;0;0;0;0;0,075;0,075;0,15;0,1;0,1;0,1;0,15;0,1;0,1
Завод «Пролетарская победа» № 2;0;0;0;0;0;0;0;0;0;0;0;0,05;0;0;0,1;0,1;0,1;0,1;0,1;0,2;0,15;0,15;0,15;0,15;0,15;0,1;0,15
Завод «Рот  фронт»;0;0;0;0;0;0;0;0;0;0;0;0,05;0;0;0;0;0;0;0;0;0;0,05;0,05;0,05;0,07;0,05;0,05
Кожзавод «Марксист»;0;0;0,1;0,1;0,1;0,1;0,1;0,1;0,1;0,1;0,1;0;0;0,1;0;0;0;0;0;0;0;0,15;0,15;0;0;0;0,1
"Ленинградское областное 
Управление легкой промышленности";0;0;0;0;0;0;0;0;0,2;0,2;0,2;0;0;0;0;0;0;0;0;0,1;3,1;0,1;0,1;0,1;0,05;0,05;0,05
Фабрика «Красное Знамя»;0,1;0;0;0;0;0;0;0;0;0;0;0;0;0;0;0;0;0;0;0;0;0;0;0;0;0;0
Фабрика «Скороход»;0,1;0;0;0;0;0;0,1;0,1;0,1;0,1;0,1;0,1;0,1;0;0,1;0,1;0,1;0,1;0,1;0,1;0;0;0;0,1;0,1;0,1;0,15
Фабрика «Красный Парус»;0;0;0;0;0;0;0;0;0;0;0;0;0;0;0;0;0;0;0;0;0;0;0;0,05;0,05;0,04;0,05
Фабрика «Союзутиль»;0;0;0;0;0;0;0;0;0;0;0;0;0;0;0;0;0;0;0;0,1;0,1;0,1;0,1;0,07;0,07;0,07;0,17
Фабрика «Кож  сырьеобработка»;0;0,2;0,2;0,2;0,2;0,2;0,2;0,2;0,2;0,2;0,2;0;0;0;0;0;0;0;0;0;0;0;0;0;0;0;0
Главбумсбыт;0;0;0;0;0;0;0;0;0;0;0;0;0;0;0;0;0;0;0;0;0,05;0,04;0,04;0,04;0,04;0,03;0,04
Главбумснаб;0;0;0;0;0;0;0;0;0,05;0,05;0,05;0;0;0;0;0;0;0;0;0;0;0;0;0;0;0;0
Главкарелбум пром;0;0;0;0;0;0;0;0;0;0;0;0;0;0;0,05;0,05;0;0;0;0;0;0;0;0;0;0;0
Фабрика им. Володарского;0,1;0,1;0,1;0,2;0,1;0,1;0,2;0,2;0,2;0,2;0,2;0;0;0;0;0;0;0;0;0;0,05;0,12;0,12;0,12;0,1;0,09;0,1
Фабрика им. М. Горького;0,2;0,15;0,1;0,4;0,2;0,2;0,1;0,1;0,1;0,1;0,1;0;0;0;0;0;0;0;0;0;0,05;0,04;0,04;0,04;0,04;0,03;0,04
Фабрика «Технических бумаг»;0;0;0;0;0;0;0;0;0,05;0,05;0,05;0;0;0;0;0;0;0;0;0;0;0;0;0;0;0;0
1 й молочный завод;0;0;0;0;0;0;0;0;0;0;0;0,2;0;0;0;0;0;0;0;0;0;0;0;0;0;0;0
2 й молочный завод;0;0;0;0;0;0;0;0;0;0;0;0,2;0;0;0,1;0,1;0;0;0,125;0;0;0;0;0;0;0;0
"В распоряжение уполномоченного 
Наркомясомол  прома";1;1;2,5;2,2;2;2;2;2;2;2;1,7;0;1,5;1,3;1;1;1;1;1,8;1,8;1,9;1,9;1,9;1,9;0;1,1;1,2
Колбасный завод № 2;0;0;0;0;0;0;0;0;0;0;0,3;0;0;0,15;0;0;0,1;0,1;0;0,1;0,1;0,15;0,15;0,15;0;0,07;0,1
Ленмашмолзавод;0;0;0;0;0;0;0;0;0;0;0;0,1;0;0;0;0,1;0,1;0,1;0,125;0,1;0,1;0,15;0,15;0,15;0;0,07;0,1
Ленмолкомбинат;0;1;0;0;0;0;0;0;0;0;0;0;0;0;0;0;0;0;0;0;0;0;0;0;0;0;0
Ленмясокомби­нат / Мясоком­бинат;0;1;0;0;0;0;0;0;0;0;0;1,5;0;0;0;0;0;0;0;0;0;0;0;0;0;0;0
Завод «Стройме­ханизация»;0;0;0;0;0;0;0;0;0;0;0;0;0;0;0;0;0;0;0;0;0;0;0;0;0;0;0
Завод им. Ломонсова;0;0;0;0;0;0;0;0;0;0;0;0;0;0;0;0;0;0;0;0;0;0;0;0;0;0;0
2 я картонажная фабрика;0;0;0;0;0;0;0;0;0;0;0;0,05;0,1;0,05;0,05;0,1;0,1;0,1;0,075;0,075;0;0;0;0;0,05;0,04;0,05
2 я художественная литография;0;0;0;0;0;0;0;0;0;0;0;0,05;0,05;0,05;0,05;0,05;0,05;0,05;0,05;0,05;0,05;0,05;0,05;0,05;0,05;0,04;0,05
4 я парфюмерная фабрика;0;0;0;0;0;0;0;0;0;0;0;0,1;0,15;0,08;0,08;0,1;0,1;0,1;0,05;0,05;0,05;0,1;0,1;0,05;0,05;0;0,07
5 я мармеладная фабрика;0;0;0;0;0;0;0;0;0;0;0;0,05;0,05;0,05;0;0;0;0;0;0;0;0;0;0;0;0;0
Витаминный завод;0;0;0;0;0;0;0;0;0;0;0;0,1;0,1;0,05;0,05;0,05;0;0,1;0,075;0,075;0,05;0,05;0,05;0,05;0,07;0,05;0
Главпищетара;0;0;0;0;0;0;0;0;0;0;0;0;0;0;0;0;0;0;0;0;0;0;0;0;0,05;0,04;0,05
Завод № 3 им. Кирова;0;0;0;0;0;0;0;0;0;0;0,1;0,15;0,15;0,1;0;0,1;0,1;0,1;0,1;0,1;0,1;0,1;0,075;0,07;0,07;0,05;0,1
Завод «Вена»;0;0;0;0;0;0;0;0;0;0;0;0,1;0,1;0,05;0,05;0,05;0,05;0,05;0,05;0,05;0,05;0,05;0,05;0,05;0,05;0,05;0,05
Завод им. Степана Разина;0;0;0;0;0;0;0;0;0;0;0,3;0,3;0,2;0,1;0,1;0,2;0,1;0,1;0,1;0,1;0,1;0,1;0,075;0,07;0,07;0,15;0,15
Завод «Красная Бавария»;0;0;0;0;0;0;0;0;0;0;0,5;0,6;0,4;0,2;0,2;0,2;0,15;0,25;0,4;0,4;0,4;0,4;0,4;0,4;0,5;0,4;0,6
Завод лимонной кислоты;0;0;0;0;0;0;0;0;0;0;0;0;0,05;0,05;0;0,05;0;0,1;0,075;0,075;0,075;0,075;0,075;0,05;0,05;0,04;0,05
Завод «Салолин»;0;0;0;0,8;0,3;0,3;0,25;0,3;0,2;0,2;0,2;0,2;0,2;0,15;0,15;0,15;0,15;0,15;0,15;0,3;0,3;0,3;0,3;0,3;0,3;0,3;0,35
Завод углекислоты;0;0;0;0;0;0;0;0;0;0;0;0,05;0,05;0,05;0;0;0;0;0;0;0;0;0;0;0;0;0
Завод фруктовых вод;0;0;0;0;0;0;0;0;0;0;0;0,05;0,05;0,05;0;0;0;0;0;0;0;0;0;0;0;0;0
Кондитерская фабрика им. Микояна;0;0,5;0;0;0;0;0;0;0,5;0,5;0,5;0,5;0,6;0,6;0,6;0,6;0,6;0,6;0,4;0,4;0,4;0,4;0,4;0,5;0,45;0,3;0,45
Кондитерская фабрика Облпищепрома;0;0,3;0;0;0;0;0;0;0;0;0;0;0;0;0;0;0;0;0;0;0;0;0;0;0;0;0
"Конфетно­шоколадная фабрика 
им. Самойловой";0;0,2;0;0;0;0;0;0;0;0;0;0;0;0;0;0;0;0;0;0;0;0;0;0;0;0;0
Ленвинзавод;0;0;0;0;0;0;0;0;0;0;0;0,1;0,1;0,1;0,1;0,1;0,1;0,1;0,1;0,1;0,1;0,1;0,1;0,12;0,15;0,15;0,15
Ленглавресторан;0;1;0;0;0;0;0;0;0;0;0;0;0;0;0;0;0;0;0;0;0;0;0;0;0;0;0
Лендрожзавод;0;0;0;0;0;0;0;0;0;0;0;0;0;0;0;0;0;0;0;0;0;0;0;0;0;0,1;0,1
Ленжиркомбинат;0;0;0;0;0;0;0;0;0;0;0;0,15;0,15;0,1;0,1;0,1;0,1;0,1;0,1;0,1;0,1;0,1;0,1;0,15;0,15;0,15;0,15
"Леноблпище  проснабсбыт 
для предприятий с утверждением уполномоченного Госплана";2;1;2;1,5;2;2;2,5;2,5;1,5;1,5;1,5;0;0;0;0;0;0;0;0;0;0;0;0;0;0;0;0
Ленхладоком­бинат;0;0;0;0;0;0;0;0;0;0;0;0,2;0;0;0;0;0;0;0;0;0;0;0;0;0;0;0
Ликероводочный завод;0;0;0;0;0;0;0;0;0,5;0,5;0,5;0,5;0,4;0;0;0;0,2;0,2;0,25;0,25;0,25;0,25;0,25;0,25;0,2;0,2;0,1
Макаронная фабрика им. Воровского;0;0;0;0;0;0;0;0;0,5;0,5;0,5;0;0;0;0;0;0;0;0;0;0;0;0;0;0;0;0
Маслобойный завод № 7;0;0;0;0;0;0;0;0;0;0;0;0;0;0;0,1;0,05;0;0;0,05;0,05;0,05;0,05;0,05;0,05;0,05;0,04;0,05
Мех. заводу «Главхлеб»;0;0;0,15;0,2;0,15;0,15;0,15;0,2;0,15;0,15;0,2;0;0;0,1;0,1;0,1;0,1;0,1;0,2;0,2;0,2;0,2;0,15;0,15;0,1;0,07;0,1
Невский мыловаренный завод;0;0;0;0,15;0;0;0;0;0;0;0;0,15;0,15;0,15;0,15;0,1;0,1;0,1;0,1;0,1;0,1;0,1;0,1;0,1;0,1;0,1;0,15
Облпищепром;0;0;0;0;0;0;0;0;0;0;0;0,05;0;0,05;0,05;0,05;0;0,05;0,05;0,05;0,05;0,05;0,05;0,05;0;0,03;0,05
Сестрорецкий хлебокомбинат;0;0;0;0;0;0;0;0;0;0;0;0,05;0,05;0,05;0,05;0,05;0,05;0,1;0,075;0,075;0,075;0,075;0,075;0,07;0,05;0,04;0,05
Трест хлебопечения;50;50;50;50;50;50;50;50;50;48;48;48;37;35;32;28;27,5;27,5;33;32;34;34;34;33;0;25,7;28
Уксусный завод;0;0;0;0;0;0;0;0;0;0;0;0,05;0,05;0,05;0,05;0,05;0;0;0,05;0,05;0,05;0,05;0,05;0,05;0,05;0,04;0,05
Уполномоченный НК Пищепрома;0;0;0;0;0;0;0;0;0;0;0;0;0;0;0;0;0;0;0;0;0;0;0;0;0,15;0,07;0,05
Усть Ижорский хлебокомбинат;0;0;0;0;0;0;0;0;0;0;0;0,1;0,1;0,07;0,07;0,05;0,05;0,1;0,075;0,075;0,075;0,075;0,075;0,07;0,05;0,04;0,05
Фабрика им. Урицкого;0;0,3;0,2;0,3;0;0;0;0;1;1;1;0,5;0,4;0,4;0,4;0,5;0,4;0;0,45;0,45;0,45;0,5;0,5;0,5;0,4;0,3;0,45
Химико пищевой комбинат;0,1;0,1;0,1;0,1;0,1;0,1;0,1;0,1;0,1;0,1;0,1;0,1;0,1;0,1;0,1;0,1;0;0,05;0,05;0,05;0,05;0,05;0,05;0,05;0,05;0,04;0,05
Холодильник № 4;0;0;0;0;0;0;0;0;0;0;0;0,1;0;0;0;0;0;0;0;0;0;0;0;0;0;0;0
Холодильник № 6;0;0;0;0;0;0;0;0;0;0;0;0,1;0;0;0;0;0;0;0;0;0;0;0;0;0;0;0
Шоколадная фабрика им. Крупской;0;0,5;0;0;0;0;0;0;0,7;0,7;0,7;0,7;0,4;0,2;0,2;0,2;0,25;0,2;0,5;0,5;0,6;0,6;0,6;0,6;0,5;0,4;0,55
Заготживсырье;0;0;0,5;0,5;0,4;0,4;0,3;0,3;0,2;0,2;0,2;0,2;0;0;0;0;0;0;0;0;0;0;0;0;0;0;0
Заготзерно;0,5;0,2;0,3;0,3;0,2;0,2;0,2;0,2;0,15;0,2;0,2;0,2;0,2;0,2;0,2;0,2;0,15;0,15;0,15;0,1;0,1;0,15;0,15;0,15;0;0,07;0,1
Мелькомбинат им. Кирова;0,1;0,1;0,1;0,1;0,1;0,1;0,1;0,1;0,1;0,1;0,1;0;0;0;0;0,05;0;0;0;0;0;0;0;0;0;0;0
Мелькомбинат им. Ленина;0,1;0,1;0,1;0,1;0,1;0,1;0,1;0,1;0,1;0,1;0,1;0,15;0,15;0,1;0,1;0;0,05;0,05;0,075;0,05;0,05;0,05;0,05;0,05;0;0,04;0,05
Главрыбсбыт;0;0;0;0;0;0;0,3;0,3;0,3;0,3;0,3;0;0;0,1;0,05;0,1;0,05;0;0;0;0;0;0;0;0;0;0
Завод «Пищевик»;0,2;0,2;0,2;0,2;0,2;0,2;0,2;0,2;0,2;0,2;0,2;0,2;0,2;0,1;0,1;0,12;0,15;0,15;0,15;0,25;0,25;0,25;0,25;0,2;0;0,1;0,1
Ленрыбпром  снаб — трест «Ленрыба»;0;0;0;0;0;0;0;0;0;0;0;0;0;0;0;0;0;0;0;0;0;0;0;0;0;0,05;0,05
Трест «Ленрыба»;0;0;0,4;0,8;0,5;0,5;0,5;0,5;0,5;0,5;0,5;0;0;0;0;0;0;0;0;0;0;0;0;0;0;0;0
1 й мединститут (больница им. Эрисмана);0,2;0,2;0,2;0,2;0,3;0,3;0,2;0,2;0,2;0,2;0,2;0,2;0,2;0,15;0,85;0,15;0,1;0,1;0,1;0,1;0,1;0,1;0,1;0,1;0,05;0,05;0,05
2 й мединститут (больница им. Мечникова);0,4;0,3;0,4;0,5;0,6;0,6;0,6;0,6;0,6;0,6;0,6;0,6;0,3;0,3;0,3;0,3;0,3;0,3;0,35;0,35;0,35;0,35;0,35;0,3;0,07;0,2;0,2
Больница им.Эрисмана;0;0;0;0;0;0;0;0;0;0;0,1;0,1;0;0;0;0;0;0;0;0;0;0;0;0;0;0;0
Завод «Крас­ногвардеец»;0,1;0,2;0,2;0,25;0,2;0,2;0,2;0,2;0,2;0,2;0,3;0,3;0,2;0,2;0,2;0,2;0,15;0,15;0,3;0,3;0,3;0,3;0,3;0,25;0,2;0,15;0,25
Завод медсанте­хоборудования;0;0;0;0;0;0;0;0;0;0;0;0,1;0,1;0;0;0;0;0;0;0;0;0;0;0;0;0;0
Завод МСТО;0;0,2;0,2;0,25;0,15;0,15;0,1;0,1;0,1;0,1;0,1;0;0;0,08;0,08;0,08;0,05;0,05;0,1;0,1;0,1;0,1;0,1;0,07;0,07;0,5;0,07
Завод «Фармакон»;0;0;0;0;0;0;0;0;0,15;0,25;0,25;0,25;0,15;0,1;0,1;0,1;0;0,05;0,075;0,075;0,075;0,075;0,075;0,07;0,05;0,05;0,05
Институт вакцин и сывороток;0;0;0;0;0,1;0,1;0,1;0,1;0,1;0,1;0,1;0,1;0,1;0,05;0,05;0,05;0;0;0;0;0;0;0,05;0,05;0;0;0,05
Институт им.Павлова;0;0;0;0;0,2;0,2;0,2;0,2;0;0;0;0;0;0;0;0;0;0,05;0,075;0,075;0,075;0,075;0,075;0,07;0,07;0,05;0,07
Институт им.Павлова в Колтушах;0;0;0;0;0;0;0;0;0;0;0;0;0;0;0,1;0;0,05;0;0;0;0;0;0;0;0;0;0
Институт им. Бехтерева;0;0,15;0,2;0,2;0,15;0,15;0,15;0,2;0,1;0,1;0,1;0,1;0,1;0,1;0,1;0,1;0;0;0;0;0,05;0,05;0,05;0,05;0,05;0,4;0,05
Институт усовер­шенствования врачей;0;0;0;0;0;0;0;0;0;0;0,1;0,1;0,1;0,05;0,05;0,05;0,1;0,1;0,15;0,15;0,15;0,15;0,15;0,15;0,15;0,1;0,1
Нейрохирургиче­ский институт;0;0;0;0;0;0;0;0;0;0;0;0;0;0;0;0;0;0;0;0;0;0;0;0;0,05;0;0,05
Онкологический институт;0;0;0;0;0,1;0,1;0,1;0,1;0,1;0,1;0,1;0,1;0,1;0,05;0,05;0,07;0;0,05;0,05;0,05;0,075;0,075;0,075;0,07;0,07;0,05;0,05
Педиатрический институт;0,1;0,1;0,1;0,1;0,1;0,1;0,1;0,1;0,1;0,1;0,2;0,2;0,15;0,1;0;0,1;0;0,1;0,1;0,1;0,1;0,1;0,1;0,1;0,1;0,07;0,07
"Северо Западный Водн. 
отдел здравоохранения";0;0;0;0;0;0;0;0;0,07;0,07;0,1;0,1;0,1;0,1;0,1;0,1;0,05;0,05;0,075;0,075;0,075;0,075;0,075;0,07;0,05;0,04;0,05
Соматическая больница№ 2;0;0;0;0;0;0;0;0;0;0;0;0;0;0;0;0;0;0;0;0;0;0;0;0;0,05;0;0
"Травматологи­ческий институт 
им. Вредена";0,15;0,15;0,2;0,2;0,05;0,05;0,05;0,1;0,05;0,05;0,05;0,05;0,05;0,05;0,05;0,05;0;0;0;0,05;0,05;0,05;0,05;0,05;0,05;0;0,05
Фабрика «Медстандарт»;0;0;0;0;0;0;0;0;0;0;0;0;0;0;0,05;0,05;0;0;0;0;0;0;0;0;0;0;0
Фарм. завод № 1;0;0;0;0;0;0;0;0;0;0,2;0,15;0,15;0,1;0,07;0;0,05;0,05;0,05;0,05;0,05;0,05;0,05;0,05;0,01;0,05;0,05;0,05
Фарм. завод № 2;0;0;0;0;0;0;0;0;0;0;0;0;0;0;0;0;0;0;0,05;0,05;0;0;0;0;0;0;0
Фабрика искусственных зубов;0;0;0;0;0;0;0;0;0;0,2;0,15;0;0;0,05;0,05;0,05;0;0,05;0,05;0,05;0,05;0,05;0,05;0,05;0,05;0,05;0,05
"2 е Управление Главного
Управления связи Красной Армии";0;0;0;0;0;0;0;0;0;0;0;0;0;0;0;0,4;0;0;0;0;0;0;0;0;0;0;0
26 я шоссейно­дорожная ремонтная база;0;0;0;0;0;0;0;0;0;0;0;0;0;0;0;0;0;0;0;0;0;0;0;0;0,1;0,07;0,1
374 й отд. Батальон связи;0;0;0;0;0;0;0;0;0,05;0;0;0;0;0;0;0;0;0;0;0;0;0;0;0;0;0;0
ВНИИМ;0;0;0;0;0;0;0;0;0,05;0,05;0,05;0,1;0,1;0,05;0,05;0,05;0,05;0,05;0,05;0,05;0,05;0,05;0,05;0,05;0,05;0,04;0,05
Военный прокурор Ленинграда;0;0;0;0;0;0;0;0;0;0;0;0;0;0;0;0;0;0;0;0;0;0,2;0,15;0,15;0,15;0,1;0,1
Военный трибунал;0;0;0;0;0;0;0;0;0;0;0;0;0;0;0;0;0;0;0;0;0;0;0;0;0,04;0,04;0,05
ВЦСПС;0;0;0;0;0;0;0;0;0;0;0;0;0;0;0;0;0;0;0,05;0,05;0,05;0,05;0,05;0,05;0,05;0,04;0,05
Главхимсбыт;0;0;0;0;0;0;0;0;0;0;0;0;0;0;0;0,2;0;0;0;0;0;0;0;0;0;0;0
ГОИ;0;0;0;0;0;0;0;0;0;0;0;0;0;0;0;0,1;0;0;0;0;0;0;0;0;0;0;0
Горный институт;0;0;0;0;0;0;0;0;0;0;0;0;0;0;0,05;0,05;0,05;0,05;0;0;0;0;0;0;0;0;0
Горпрокуратура;0,1;0,1;0,1;0,1;0,1;0,1;0,1;0,1;0,1;0,1;0,1;0,1;0,1;0,1;0,15;0,08;0,07;0,07;0;0;0;0;0;0;0;0;0
Горсовет ОСОАВИАХИМ;0;0;0;0;0;0;0;0;0;0,1;0,1;0,1;0;0;0;0;0;0;0;0;0,075;0,075;0,075;0,07;0,07;0,05;0,07
Горстатуправление;0;0;0;0;0;0;0;0;0;0;0;0;0;0;0,1;0,1;0,08;0,08;0;0;0;0;0;0;0,05;0;0,03
Горэвакомиссия;0;0;0;0;0;0;0;0;0;0;0;0;0;0;0;0;0;0;0;0;0;0;0;0;0,05;0,05;0,07
Издательство ЦО «Правда»;0;0;0;0;0;0;0;0;0,1;0,1;0,1;0,1;0,1;0;0,1;0,07;0,07;0,07;0;0;0,2;0;0;0;0;0;0
Институт точной механики и оптики;0;0;0;0;0;0;0;0;0;0;0,45;0,45;0,1;0,2;0,2;0,2;0,1;0,1;0,2;0,15;0,1;0,15;0,1;0,05;0;0,04;0,05
Курсы трактористов;0;0;0;0;0;0;0;0;0;0;0;0;0;0;0;0;0;0;0;0;0;0;0;0;0;0;0,2
ЛГК Госбанка;0,2;0,25;0,2;0,25;0,2;0,2;0,2;0,2;0,2;0,2;0;0,2;0,15;0,15;0,15;0,15;0,1;0,1;0,1;0,1;0,1;0,1;0,1;0,1;0,1;0,07;0,1
Ленинградский институт истории ВКПб;0;0;0;0;0;0;0;0;0;0;0;0;0;0;0;0;0;0;0;0;0;0;0;0;0,05;0,04;0,04
Ленокогиз;0;0;0;0;0,1;0,1;0,1;0,1;0,1;0,1;0,1;0,05;0;0;0;0;0;0;0;0;0;0;0;0;0;0;0
ЛенОКОГИЗ;0;0;0;0;0;0;0;0;0;0;0;0;0;0;0;0;0;0;0;0;0,1;0,1;0,1;0,1;0,1;0,07;0,1
Лечсануправление спецназначения;0;0;0;0;0,2;0,2;0,2;0,2;0,2;0,2;0,2;0,2;0;0;0,15;0,15;0;0;0;0;0;0;0;0;0;0;0
ЛЕНТАСС;0,1;0,2;0,2;0,2;0,15;0,15;0,15;0,2;0,15;0,15;0,15;0,15;0,15;0,1;0,1;0,07;0,05;0,1;0,1;0,1;0,25;0,1;0,1;0,12;0,12;0,1;0,1
Лентранзитсплав;0;0;0;0;0;0;0;0;0;0;0;0;0;0;0;0;0;0;0;0;0;0;0,4;0,2;0,2;0,15;0,2
ЛОК «Главнефтесбыт»;0,6;1;1;1;1;1;1;1;1;1;1;1;0,7;0,7;0,5;0,5;0,5;0,6;0,75;0,85;0,85;0,85;0,85;0,85;0;0,3;0,6
ЛОК Госбанка;0,1;0,1;0,1;0,25;0,15;0,15;0,15;0,2;0,15;0,15;0,2;0,15;0,15;0,15;0,15;0,15;0,1;0,1;0,1;0,1;0,1;0,1;0,1;0,1;0,1;0,07;0,1
ЛОК Комбанка;0,1;0,2;0,2;0,2;0,15;0,15;0,15;0,2;0,15;0,15;0,15;0,15;0,15;0,15;0,15;0,15;0,15;0,15;0;0,2;0,2;0,2;0,2;0,2;0,2;0,15;0,2
ЛТУ Госрезервов;0;0;0;0;0;0;0,2;0,2;0,15;0,1;0,1;0,1;0,1;0,1;0,1;0;0,1;0,1;0,1;0,1;0,1;0,1;0,1;0,1;0,1;0,07;0,1
Музей им. Ленина;0;0;0;0;0;0;0;0;0;0;0;0;0;0;0;0;0;0;0;0;0;0;0;0;0,05;0,4;0,04
НИИ им. Павлова;0;0;0;0;0;0;0;0;0;0;0;0;0,1;0;0;0;0;0;0;0;0;0;0;0;0;0;0
Опытный завод ЦКТИ;0;0;0;0;0;0;0;0;0;0;0;0;0;0,05;0,05;0,05;0;0;0;0;0;0;0;0;0;0;0
Осоавиахим (снаб.);0;0;0;0;0,1;0,1;0,1;0,1;0,1;0,1;0,1;0,1;0,1;0;0,05;0,05;0;0;0;0;0;0;0,1;0,07;0,07;0,05;0,07
Политехнический институт;0;0;0;0;0;0;0;0;0;0;0;0;0,05;0;0,05;0,05;0;0,05;0;0,05;0,05;0,05;0,05;0,05;0,05;0,04;0,1
Редакция газеты «Известия»;0,1;0,1;0,1;0,1;0,1;0,1;0,1;0,1;0,1;0,1;0,1;0,1;0,1;0,1;0,1;0,08;0,05;0,05;0;0;0,05;0,05;0,05;0,05;0;0;0
Корреспондент. ЦО «Правда»;0,1;0,1;0,1;0,1;0,1;0,1;0,1;0,1;0,1;0,1;0,1;0,1;0,1;0,1;0,1;0,07;0,05;0,05;0;0;0;0;0;0;0;0;0
Редакция газеты ЦО «Правда»;0;0;0;0;0;0;0;0;0;0;0;0;0;0;0;0;0;0;0;0,1;0;0,2;0,2;0,2;0,2;0,15;0,15
Союзпечать;0;0;0;0;0,1;0,05;0,05;0,1;0,04;0,04;0,04;0,05;0;0;0;0;0;0;0;0;0;0;0;0;0;0;0
Статистическое управление;0;0;0;0;0;0;0;0;0;0,05;0,05;0,1;0,1;0,05;0;0;0;0;0;0;0;0;0;0;0;0;0
Теапромснабкомбинат;0;0;0;0;0;0;0;0;0;0;0;0;0;0;0;0;0;0;0;0;0;0;0;0;0,05;0;0
Техникум точной механики и оптики;0;0;0;0;0;0;0;0;0;0;0,1;0,1;0,1;0,1;0,1;0,1;0;0;0;0;0;0;0;0;0;0;0
Типография «Печатный двор»;0;0;0,1;0,1;0,05;0,1;0,1;0,1;0,1;0,1;0,1;0,05;0,1;0;0;0;0;0;0;0;0;0;0;0;0;0;0
Типография газеты «На страже Родины»;0;0;0;0;0;0;0;0;0;0;0;0;0;0;0;0;0;0;0;0;0,05;0;0,05;0,05;0;0;0
Типография им. Соколовой;0;0;0;0;0;0;0;0;0;0;0;0;0;0;0;0;0;0;0;0;0;0;0;0;0,05;0,05;0,05
Топливная инспекция;0;0;0;0;0;0;0;0;0,06;0,06;0,06;0,1;0,1;0,1;0,1;0,1;0,1;0,1;0;0;0;0;0,1;0,1;0,1;0,07;0,1
УГТР;0;0;0;0;0;0;0;0;0;0;0;0;0;0;0;0;0;0;0,15;0;0;0;0;0;0;0;0
УКБС;0;0;0;0;0;0;0;0;0;0;0;0;0;0,2;0,2;0,15;0,15;0,15;0;0;0;0,3;0,3;0,25;0,2;0,1;0
Университет;0;0;0;0;0;0;0;0;0,05;0,1;0,1;0,1;0;0,05;0;0;0;0;0;0;0;0;0;0;0;0;0
Управление издательств и полиграфии;0;0;0;0,1;0,05;0,05;0,05;0,1;0,05;0,05;0,05;0,05;0;0;0;0;0;0;0;0;0;0;0;0;0;0;0
Управление советских писателей;0;0;0;0;0;0;0;0;0;0;0;0;0;0;0;0;0;0;0;0;0;0,1;0,1;0,07;0,07;0,05;0,04
Управление трудовых резервов;0,1;0,1;0,1;0,1;0,1;0,1;0,1;0,1;0,1;0,1;0,1;0,1;0,05;0,05;0,05;0,05;0;0;0;0,1;0,15;0,05;0,05;0,05;0,05;0,05;0,1
"Управление сберегательных 
касс и госкредита";0;0;0;0;0;0;0;0;0;0;0;0;0;0;0;0;0;0;0;0;0;0,1;0,1;0,1;0,1;0,07;0,1
Управление Коменданта Смольного;0;0;0;0;0;0;0;0;0,1;0,1;0,1;0,1;0;0;0,15;0,15;0,15;0,15;0,15;0,15;0,15;0,15;0,15;0,15;0,1;0,07;0,1
"Управление местной топливной
промышленности";0;0;0;0;0;0;0;0;0;0;0;0;0;0;0;0;0;0;0,2;0,2;0,2;0,2;0,2;0,2;0,2;0,15;0,2
Управление НК Юстиции;0,1;0,1;0,1;0,1;0,1;0,1;0,1;0,1;0,1;0,1;0,1;0,1;0,1;0,1;0,1;0,08;0,05;0,05;0;0;0;0;0;0;0;0;0
Управлению делами ОК и ГК ВКПб;0;0;0;0;0,2;0,2;0,2;0,2;0,2;0,2;0,2;0,2;0,2;0,15;0,15;0,15;0,15;0,15;0,15;0,15;0,15;0,15;0,15;0,15;0,15;0,1;0,1
ЦКБ 22;0;0;0;0;0;0;0;0;0;0;0;0;0;0;0,05;0,05;0;0;0,1;0;0;0;0;0;0;0;0
Штаб партизанского движения;0;0;0;0;0,05;0,05;0,05;0,1;0,05;0,05;0,05;0,05;0;0;0;0;0;0;0;0;0;0;0;0;0;0;0
Эвакомиссия;0;0;0;0;0;0;0;0;0;0;0;0;0;0;0;0;0;0;0;0;0;0,15;0;0;0;0;0
Фабрика «Гознак»;0;0;0;0;0;0;0;0;0;0;0;0;0;0;0;0;0;0,05;0,05;0,05;0,05;0,05;0,05;0,05;0;0;0
Управление домами НКФ;0;0;0;0;0;0;0;0;0;0;0;0;0;0;0;0;0;0;0;0;0;0;0;0;0;0;0
Главкинопрокат;0;0;0;0;0;0;0;0;0;0;0;0;0;0;0;0;0;0;0;0;0;0;0;0,1;0,05;0,04;0,05
Завод «КИНАП»;0;0,05;0,05;0,05;0;0;0,05;0,1;0,05;0,05;0,05;0;0;0;0;0;0;0;0;0;0;0;0;0;0;0;0
Лентехфильм;0;0;0;0;0,1;0,1;0,1;0,1;0,1;0,1;0,1;0;0;0,1;0,1;0,1;0;0,1;0,1;0,1;0,1;0,1;0,1;0,1;0,1;0,1;0,1
Ленфильм;0;0;0;0;0;0;0;0;0;0;0;0;0;0;0;0;0;0;0;0;0,05;0,05;0,05;0,1;0,1;0,07;0,1
Студия кинохроники;0,1;0,1;0,3;0,3;0,2;0,2;0,15;0,2;0,15;0,3;0,3;0,3;0,3;0,3;0,3;0,3;0,3;0,3;0,4;0,4;0,4;0,4;0,4;0,4;0,3;0,3;0,3
АТУЛ;65;67,5;65;70;70;70;70;70;70;70;75;85;48;48;48;48;47,4;48;58,6;58;58;58;58;57;0;39;0
Ленгорсовета;0;0;0;0;0;0;0;0;0;0;0;4;0;0;0;0;0;0;0;0;0;0;0;0;0;0;0
Горземотдел;0;0;0;0;0;0;0;0;0,2;0,2;0,2;0,2;0;0,1;0,1;0,1;0,1;3,5;0,15;0,15;0,15;0,15;0,15;0,15;0,15;0,12;0,15
"Отд. ремонтно­монтажный 
батальон МПВО";2;2,2;3,2;3,5;3,3;3;3,2;3,2;3,3;3,3;3,3;4;2,5;2;2;2;2;0;3;3;3;3;3;3;0;1,75;2
"Предприятия и организации областного 
подчинения через Облплан";0,4;0,2;0,3;0,3;0,3;0,3;0,3;0,3;0,3;0,3;0,3;0,3;0;0;0;0;0;0;0;0;0,25;0,25;0,25;0,25;0,25;0,2;0,2
Трансэнергокадры;0;0;0;0;0;0;0;0;0;0;0;0;0;0;0;0;0;0;0;0;0;0;0;0;0,15;0,1;0
Уполномоченный НК Совхозов;4;4;4;4;4;4;4;4;5;5;5;5;3;3;2;2;2;2;2;2;2;2;3;3;0;1,75;2,5
Штаб МПВО г. Ленинграда;71,4;73,9;72,5;77,8;77,6;77,3;77,5;78;78,8;78,8;83,8;98,5;53,5;53,1;52,1;52,1;51,5;53,5;63,75;63,15;63,4;63,4;64,4;63,4;0,55;42,92;4,85
АНИОП;0;0;0;0;0;0;0;0;0;0;0,25;0;0;0;0;0;0;0;0;0;0;0;0;0;0;0;0
Завод штурманских приборов;0;0;0;0;0;0;0;0;0;0;0;0,05;0;0,05;0,05;0,05;0;0;0;0;0;0;0;0;0;0;0
Морстроймонтаж;0;0;0;0;0,1;0,1;0,1;0,1;0,1;0,1;0,1;0,1;0;0;0;0;0;0;0;0;0;0;0;0;0;0;0
"Научно испытательный морской
артиллерийский полигон";0;0;0;0;0,2;0,2;0,2;0,2;0,2;0,2;0,15;0;0;0;0;0;0;0;0;0;0;0;0;0;0;0;0
1 я мебельная фабрика;0;0;0;0;0;0;0;0;0;0;0;0;0;0;0;0;0;0;0;0,05;0,05;0,05;0,05;0;0;0;0
Артель «Кожкустпром»;0;0;0;0;0;0;0;0;0;0;0;0;0;0;0;0;0;0;1,2;1,1;0;0;0;0;0;0;0
Артель «Ленэмальер»;0;0;0;0;0;0;0;0;0;0;0;0;0;0;0;0;0;0;0,1;0,1;0;0;0;0;0;0;0
Артель «Металлист»;0;0;0;0;0;0;0;0;0;0;0;0;0;0,05;0,05;0;0;0;0,2;0,2;0;0,05;0;0;0;0;0
Артель «Примус»;0;0;0;0;0;0;0;0;0;0;0;0;0;0;0;0;0;0;0;0;0;0,05;0,05;0,05;0,05;0,05;0,05
Артель электроприборов;0;0;0;0;0;0;0,1;0,1;0,1;0,1;0,1;0;0;0,05;0,05;0,1;0;0;0;0;0;0;0;0;0;0;0
Артель электротехприборов;0;0;0;0;0;0;0;0;0;0;0;0;0;0;0;0;0;0;0,2;0,2;0,2;0,05;0,05;0,05;0,05;0,04;0,05
Завод им. Радищева;0;0;0;0;0;0;0;0;0;0;0;0,05;0;0,05;0,05;0,05;0,05;0,05;0,1;0,1;0,1;0,1;0,1;0,1;0,1;0,07;0,1
Завод кассовых аппаратов;0;0;0;0;0;0;0;0;0;0;0;0;0;0;0;0;0;0,1;0,1;0,1;0,1;0,1;0,1;0,1;0,07;0;0,07
Завод «Красная Звезда»;0;0;0;0;0;0;0;0;0;0;0,25;0;0;0;0;0,1;0;0;0,15;0,15;0,15;0,1;0,1;0,1;0,1;0,07;0,1
Завод «Металлист»;0;0;0;0;0;0;0;0;0;0;0;0;0;0;0;0,1;0;0;0;0;0,2;0;0,05;0,05;0,05;0,04;0,05
Завод металлоизделий;0;0;0;0;0,1;0,1;0,1;0,1;0,1;0,1;0,1;0,1;0,1;0,1;0,1;0,1;0,1;0,1;0,1;0,1;0,1;0,1;0;0,1;0,1;0,1;0,1
Завод пластмасс;0;0;0;0;0;0;0;0;0;0;0,2;0,2;0,1;0;0;0,05;0;0;0,05;0,05;0,05;0,05;0,05;0,05;0,05;0,05;0,05
Завод «Промет»;0;0;0;0;0;0;0,2;0,2;0,15;0,15;0,15;0;0;0;0;0;0;0;0;0;0;0;0,25;0,25;0,15;0,1;0,1
Завод «Северный Пресс»;0;0;0;0;0;0;0;0;0,05;0,05;0,05;0;0;0,05;0;0,05;0,1;0,1;0,1;0,1;0,2;0,2;0,15;0,1;0,1;0,1;0,1
Зеркальная фабрика;0;0;0;0;0,05;0,05;0,05;0,1;0,05;0,05;0,05;0,05;0,05;0,05;0,05;0,05;0,05;0,05;0,075;0,075;0,075;0,075;0,075;0,07;0,07;0,05;0,05
Картографическая фабрика;0;0;0;0;0;0;0;0;0;0;0;0,05;0;0;0;0;0;0;0;0;0;0;0;0;0,07;0,05;0,05
Кинокопировальная фабрика;0;0;0;0;0;0;0;0;0;0;0;0,1;0;0;0;0;0;0;0;0;0;0;0;0;0;0;0
Кожзавод «Марксист»;0;0;0;0;0;0;0;0;0;0;0;0,1;0,1;0,1;0,1;0,05;0,1;0,1;0,1;0,1;0,15;0;0;0,15;0,15;0,1;0
Металлкомбинат;0;0;0;0;0;0;0;0;0;0;0;0;0;0,1;0,1;0,07;0;0;0,15;0,15;0,1;0,2;0,2;0,15;0,1;0,07;0,1
Завод «Невгвоздь»;0;0;0;0;0;0,2;0,2;0,2;0,15;0,15;0,15;0,15;0,1;0,1;0,1;0,1;0,1;0,1;0,1;0,1;0,1;0,1;0,1;0,1;0,1;0,1;0,1
Отдел местной промышленности;0;0;0;0;0;0;0;0;0;0;0;0;0;0;0;0;0;0;0;0;0;3;2,5;2,5;2;1,5;2
"Ремонтно механический 
завод Ленгорводопровода";0;0;0;0;0;0;0;0;0;0;0,5;0;0;0;0;0;0;0;0;0;0;0;0;0;0;0;0
Фабрика «Большевичка»;0;0;0;0;0;0;0;0;0;0;0;0,05;0,05;0,05;0,05;0,05;0;0;0,1;0,1;0,1;0,1;0,1;0,07;0,07;0,05;0,05
Фабрика «Граммофон»;0;0;0;0;0;0;0,05;0,1;0,05;0,05;0,3;0,3;0;0,1;0,1;0,15;0,1;0,1;0,2;0,2;0,2;0,2;0,15;0,15;0,15;0,15;0,1
Фабрика дамского и детского платья;0;0;0;0;0;0;0;0;0;0;0;0,05;0;0;0;0;0;0;0;0;0;0;0;0;0;0;0
Фабрика им. Бебеля;0;0;0;0;0;0;0;0;0;0;0;0,05;0,05;0,05;0,05;0,05;0,05;0,05;0,075;0,075;0,1;0,1;0,1;0,07;0,07;0,05;0,05
Фабрика им. Володарского (швейная);0;0;0;0;0;0;0;0;0;0;0;0,05;0,05;0,05;0,05;0,5;0;0;0,1;0,1;0,1;0,1;0,1;0,07;0,07;0,05;0,05
Фабрика им. Самойловой;0;0;0;0;0;0;0;0;0;0;0;0,05;0,05;0,05;0,05;0,05;0;0;0;0;0;0;0;0;0;0;0
Фабрика индивидуальных заказов;0;0;0;0;0;0;0;0;0;0;0;0,05;0;0;0;0;0;0;0;0;0;0;0;0;0;0;0
Фабрика «Комсомолка»;0;0;0;0;0;0;0;0;0;0;0;0,05;0;0;0;0;0;0;0,1;0,1;0,1;0,1;0,1;0,07;0,07;0,05;0,05
Фабрика «Красная Работница»;0;0;0;0;0;0;0;0;0;0;0;0,05;0;0;0;0;0;0;0,075;0,075;0,075;0,075;0,075;0,05;0,05;0,05;0,05
Фабрика «Красный водник»;0;0;0;0;0;0;0;0;0;0;0;0,05;0,05;0,05;0,05;0,05;0,05;0,05;0,05;0,05;0,05;0,05;0,05;0,05;0,05;0,04;0,05
Фабрика «Красный швейник»;0;0;0;0;0;0;0;0;0;0;0;0,1;0;0;0;0;0,05;0,05;0,05;0,05;0,05;0,05;0,05;0,05;0,05;0,04;0,05
Фабрика «Пролетарская победа № 1»;0;0;0;0;0;0;0;0;0;0;0;0,05;0,05;0,05;0,05;0,5;0,05;0,05;0;0;0;0;0;0;0;0;0
Фабрика фотобумаг № 4;0;0;0;0;0;0;0;0;0;0;0;0,05;0;0;0;0,05;0,05;0,05;0,075;0,05;0,05;0;0,05;0,05;0,05;0,04;0,05
Балтехфлот;0;0;0;0;0;0;0;0;0,8;0,8;0,8;0,8;0;0,3;0,4;0,4;0;0,4;0;0,45;0,45;0,45;0,45;0,45;0,4;0,3;1
Деревообделочный Комбинат;0;0;0;0;0;0;0;0;0;0,15;0,2;0;0;0;0;0,05;0;0;0,1;0,1;0;0;0,05;0,05;0,15;0,1;0,15
Завод им. Ломоносова;0;0;0;0;0;0;0;0;0;0;0,15;0;0;0,05;0,05;0,05;0;0,05;0;0,05;0,05;0,05;0,05;0,05;0,05;0,05;0,1
Завод «Станкоин­струмент»;0;0;0;0;0;0;0;0;0;0;0,05;0;0;0;0;0;0;0;0;0;0;0;0;0;0;0;0
Завод «Электро­инструмент»;0;0;0;0;0;0;0;0;0,1;0,1;0;0;0;0;0;0;0;0;0;0;0;0;0;0;0;0;0
"Особо Проектно­монтажное 
управление № 28";0;0;0;0;0;0;0;0;0,05;0,05;0,05;0;0;0;0;0;0;0;0;0;0;0;0;0;0;0;0
Особо строительно монтажная часть № 40;0;0;0;0;0;0;0;0;0;0;0;0;0;0;0,2;0,2;0,15;0,15;0,15;0,15;0,15;0,2;0,2;0,15;0,1;0;0,13
ОСУ № 7;0;0;0;0;0;0;0;0;0;1;1;1;0;0;0;0;0;0;0;0;0;0;0;0;0;0;0
Союзтеплострой;0;0;0;0;0;0;0;0;0,05;0,05;0,05;0;0;0;0;0;0;0;0;0;0;0;0;0;0;0;0
Трест № 40;0;0;0;0;0;0;0;0;1;0;0,2;0,2;0;0,2;0;0;0;0;0;0;0;0;0;0;0;0,1;0
Чугунно­литейный завод;0;0;0;0;0;0;0,1;0,1;0,1;0,1;0,2;0,2;0,1;0,05;0,05;0,05;0,15;0,15;0;0,15;0,15;0,15;0,15;0,15;0,15;0,1;0,15
3 я мебельная фабрика;0;0;0;0;0;0;0;0;0;0;0,15;0;0;0;0;0,15;0,1;0,1;0,15;0,1;0;0;0;0,1;0,1;0,07;0,1
Лесной порт;0;0;0;0;0;0;0;0;0;0,2;0,2;0;0;0,1;0,1;0,1;0,1;0,1;0,1;0,1;0,15;0,15;0,15;0,15;0,1;0,07;0,01
Ленлеспродторг;0;0;0;0;0;0;0;0;0;0;0;0;0;0;0;0;0;0;0;0;1,1;1,1;1,1;1;0,9;0,7;0,8
Трест «Лентраз  итсплав»;0;0;0;0;0;0;0;0;0;0,05;0;0;0;0;0;0;0;0;1;0;0;0;0;0;0;0;0
Лесосбыт;0;0;0;0;0;0;0;0;0;0;0;0;0;0;0;0;0;0;0,1;0,15;0,15;0,15;0,15;0,15;0,1;0,07;0,1
Лесотехническая академия;0;0;0;0;0;0;0;0;0;0;0;0;0;0;0;0;0;0;0;0;0,05;0,05;0;0;0;0;0
Трест «Лентранзитснаб»;0;0;0;0;0;0;0;0;0,05;0;0,05;0;0;0;0;0;0;0;0;0;0;0;0;0;0;0;0
Деревообделочный комбинат;0;0;0;0;0;0;0;0;0;0,2;0;0;0;0;0;0;0;0;0;0;0;0;0;0;0;0;0
"Ленгоруправление промышлен­ности 
стройматериалов";0;0;0;0;0;0;0;0;0,1;0,1;0;0;0;0;0;0;0;0;0;0;0;0;0;0;0;0;0
Слюдяная фабрика № 1;0;0;0;0;0;0;0;0;0,1;0,1;0,1;0;0;0;0;0;0;0;0;0;0;0;0;0;0;0;0
Завод им. Ломоносова;0;0;0;0;0;0;0;0;0,15;0,15;0;0;0;0;0;0;0;0;0;0;0;0;0;0;0;0;0
Лентехторгснаб;0;0;0;0;0;0;0;0;0,05;0,05;0,05;0,05;0;0;0;0;0;0;0;0;0;0;0;0;0;0;0
Спецторг;0;0;0;0;0;0;0;0;0,5;0,5;0;0;0;0;0;0;0;0;0;0;0;0;0;0;0;0;0
16 й строительный трест;0;0;0;0;0;0;0;0;0;0;0;0;0;0;0;0;1;0;0;0;0;0;0;0;0;0;0
21 я типография им. Ивана Федорова;0;0;0;0;0;0;0;0;0;0;0;0;0;0;0;0;0;0;0,2;0,2;0,2;0,2;2;0,2;0,3;0;0,15
26 мастерских НКВД;0;0;0;0;0;0;0;0;0;0;0;0;0;0;0;0,1;0;0;0;0;0;0;0;0;0;0;0
Балттехфлот;0;0;1;1;0;0;0;0;0;0;0;0;0;0;0;0;0;0;0;0;0;0;0;0;0;0;0
ГИПХ;0,8;0;0;0;0;0;0;0;0;0;0;0;0;0;0;0;0;0;0;0;0;0;0;0;0;0;0
Для набивки ледников;3;0;0;0;0;0;0;0;0;0;0;0;0;0;0;0;0;0;0;0;0;0;0;0;0;0;0
Для перевозки продовольствия;20;20;20;21,5;20;20;20;20;20;20;20;20;14;14;14;14;14;14;16,8;16,8;16,8;16,8;16;16,8;0;11,4;14
Заготовка хвои;0;2;2;1;1;1;0;0;0;0;0;0;0;0;0;0;0;0;0;0;0;0;0;0;0;0;0
Ижорский завод, на кремацию;0;0;0;0;0;0;0;0;0;0;0;0;0;0;0;0;0;0;0;0;0;0;0;0;0;0;0
Исполком Кронштадского райсовета;0;0;0;0;0;0;0;0;0;0;0;0;1;1;1;0;0;1;1,2;1,2;1,2;1;1;0,6;0;0,4;0,5
Исполком Ленгорсовета;0;0;0;0;0;0;0;0;0;0;0;0;0;0;0;0;0;0;0;0;0;0;0;0;0;0;49
Лензаготплодоовощторг;0;0;0;0;0;0;0;0;0;0;0;0;0;0;11;3;0;0;0;0;0;0;0;0;0;0;0
Лензаготплодоовощторг, на заготовку хвои;0;0;0;0;0;0;0;0;0;0;0;0;0;0;0;0;0;0;0;0;0;0;0;1;0;0,7;1
Ленлес;0,7;0;0;0;0;0;0;0;0;0;0;0;0;0;0;0;0;0;0;0;0;0;0;0;0;0;0
Ленспродторг;0;0;0;0;0;0;0;0;0;0;0;0;0;0;0,4;0;0;0;0;0;0;0;0;0;0;0;0
Леспродторг;0;0;0;0;0;0;0;0;1;1;1;1;0;0,6;0;0;0,7;0,8;0,9;0,9;0;0;0;0;0;0;0
Леспромтрест;5;6;6;6;15;15;20;20;19;22;22;0;15;16;15;15;15;16;20;20;26,5;26,5;26,5;30;0;25;30
Лечсануправление спецназначения;0;0;0;0;0;0;0;0;0;0;0;0;0;0;0;0;0,13;0,13;0,15;0,1;0,1;0,1;0,1;0,1;0,1;0,07;0
Мастерские БГМП;0;0;0;0;0;0;0;0;0;0;0;0;0;0;0;0;0;0;0,1;0,1;0,1;0,05;0,05;0,05;0;0;0
Мастерские ГОИ;0;0;0;0;0;0;0;0;0;0;0;0;0;0;0;0;0;0;0,15;0,15;0,15;0,1;0,1;0,07;0,05;0,04;0,05
Мастерские ЛГИ;0;0;0;0;0;0;0;0;0;0;0;0;0;0;0;0;0;0;0,05;0,05;0,05;0,05;0,05;0,05;0,05;0,04;0,05
Мастерские Ленгорводпровода;0;0;0;0;0;0;0;0;0;0;0;0;0;0;0;0;0;0;0,15;0,15;0;0;0;0;0;0;0
Мастерские ЛТИ;0;0;0;0;0;0;0;0;0;0;0;0;0;0;0;0;0;0;0,05;0,05;0,05;0,05;0,05;0,05;0;0;0
Мастерские ЛХТИ;0;0;0;0;0;0;0;0;0;0;0;0;0;0;0;0;0;0;0,1;0,1;0,1;0,05;0,05;0,05;0,05;0,04;0,05
На заготовку топлива;0;0;0;0;0;0;0;0;0;0;0;0;0;0;0;0;0;0;0;0;0;0;0;35;0;29,2;35
На очистку города;30;26;17;12;15;15;15;15;10;15;15;15;6;6;6;6;6;6;7,2;7,2;7,2;7,2;7,2;7,85;0;8;8
На перевозку зерна;0;0;0;0;0;0;0;0;0;0;0;0;0;0;0;0;0;2;2,4;0;0;0;0;0;0;0;0
На ремонт электростанций;0;0;0;0;0;0;0;0;0;0;3;6;4;4;3;2;1;1;0;0;0;0;0;0;0;0;0
На эвакуацию населения;0;0;0;0;0;0;0;0;0;0;3;4;1;0,5;0;0;0,3;0,3;0,15;0;0;0;0;0;0;0;0
На эвакуацию оборудования и материал;0;0;0;0;0;0;0;0;10;4;4;5;2;2;1,5;1,5;1,5;1,5;1,8;1,8;3,5;3;3;0;0;0;0
"Обеспечение судоремонта 
и строительства барж";20;1;2;3;3;3;3;3;0;0;0;0;0;0;0;0;0;0;0;0;0;0;0;0;0;0;0
"Перевозка дров, заготавливаемых 
промпредприятиям";0;0;0;0;0;0;0;0;0;0;0;0;0;0;0;0;0;5;17;10;5;5;5;0;0;0;0
"Перевозка топлива по распределению 
уполномоченного Госплана СССР";8;6;6;8;5;5;5;5;5;5;5;5;2;2,5;1,5;1,5;1,5;0;0;0;0;0;0;0;0;0;0
"Промпредприятиям по распределению 
Уолгосплана";0;0;0;0;0;0;0;0;0;0;0;0;0;0;0;0;0;0;0;0;0;0;0;5;0;4,2;5
Реконструкция котлов;0;0;0;0;0;2;2;2;2;2;0;0;0;0;0;0;0;0;0;0;0;0;0;0;0;0;0
Союзтранспроект;0;0;0;0;0;0;0;0;0;0;0;0;0;0;0;0;0;0;0;0;0;0;0;0;0,05;0,04;0,05
Спецперевозки оборонного значения;4;3;4;4;3;3;3;3;3;3;3;3;2;2;1;1;1;1,5;0;0;0;0;0;0;0;0;0
Строительство газоубежищ;1;3;3;3;3;3;3;3;3;3;3;4;1;1;1;1;1;1;1,2;1,2;1,2;1,2;1;1;0;0,35;0
Типография № 2 им. Ворошилова;0;0;0;0;0;0;0;0;0;0;0;0;0;0;0;0;0;0;0;0;0;0;0;0;0;0,04;0,05
Трест пригородного хозяйства;0;0;0;0;0;0;0;0;0;0;0;0;0;0;0;0;0;0;0;5;5;5;3;2;0;1;1
Фабрика «Красный Маяк»;0;0;0;0;0;0;0;0;0;0;0;0;0;0;0;0;0;0;0,05;0,05;0,05;0,05;0,05;0,05;0,05;0,05;0,05
ЭМТ;0;0;0;0;0;0;0;0;0;0;0;0;0;0;0;0;0;0,3;0;0;0;0;0;0;0;0;0
ЭПРОН;0;3;2;1;0;1;1;1;2;1;0;0;0;0;0;0;0;0;0;0;0;0;0;0;0;0;0
"Для обеспечения особых заданий 
Военного Совета Ленфронта";0;0;0;0;0;0;0;0;0;0;0;0;0;0;0;0;0;0;0;0;0;0;15;0;0;0;0
Спецперевозки;0;0;0;0;0;0;0;0;0;0;0;0;0;0;0;0;0;0;1,2;1,2;1,2;1,2;0;0;0;0;0
Резерв уполномоченного Госплана;2,65;1,5;4,9;4,75;4,8;5,3;6,4;6,4;5,33;4,18;3,8;4,8;2,55;4,7;3,1;2,17;2,1;3;3;3;3;6,05;5;3,31;2,22;1,28;2,15
Резерв по боеприпасам;0;0;0;0;0;0;7;7;5;2,7;3;5;2;2;2;2;2,5;2;2;2;2;2;0;0;0;0;0
